"190135","139Express","139Express","139Express","http://www.139express.com/"
"190524","1688","1688","1688","https://www.1688.com/"
"190659","17EXP","Ҽ������","Ҽ������","https://www.17-exp.com/"
"190349","1TONG","1TONG","1TONG","http://www.1tongexpress.com/"
"100354","2GO","2GO","2GO","http://supplychain.2go.com.ph/"
"3131","4-72","4-72","4-72","http://www.4-72.com.co/"
"190583","4PLLAB","4PLʵ����","4PL�����","https://www.4pllab.cn/"
"190094","4PX","���ķ�","�f�ķ�","https://www.4px.com/"
"100135","5Post","5Post","5Post","https://fivepost.ru/"
"190240","5UL","5UL","5UL","http://5ulogistics.com/"
"190456","7-ELEVEN","7-ELEVEN","7-ELEVEN","https://eservice.7-11.com.tw/"
"190677","7-tm","��ǧ��","��ǧ��","https://www.7-tm.com/"
"100311","8express","8express","8express","https://8express.ru/"
"100412","A1 POST","A1 POST","A1 POST","https://a1post.bg/"
"100343","AAA Cooper","AAA Cooper","AAA Cooper","http://www.aaacooper.com/"
"100340","ABF Freight","ABF Freight","ABF Freight","http://www.abfs.com/"
"100064","ABX Express","ABX Express","ABX Express","http://www.abxexpress.com.my/"
"190512","ac logistics","ac logistics","ac logistics","http://www.sz-ac56.com/"
"100325","ACI Logistix","ACI Logistix","ACI Logistix","https://acilogistix.com/"
"100070","ACS","ACS","ACS","https://www.acscourier.net/"
"190042","ADA����","���ݰ�����","���f�ۇ��H","http://www.adakd.com/"
"100353","ADSOne","ADSOne","ADSOne","https://www.adsone.com.au/"
"1021","Afghan Post","Afghan Post","Afghan Post","http://afghanpost.gov.af/"
"100251","Agility","Agility","Agility","https://www.agility.com/"
"100088","Airpak Express","Airpak Express","Airpak Express","https://airpak-express.com/"
"100443","AIT Worldwide Logistics","AIT Worldwide Logistics","AIT Worldwide Logistics","https://www.aitworldwide.com/"
"100296","AJEX","AJEX","AJEX","https://aj-ex.com/"
"91021","Aland Post","Aland Post","Aland Post","http://www.alandpost.ax/"
"1031","Albanian Post","Albanian Post","Albanian Post","http://www.postashqiptare.al/"
"1043","Algeria EMS","Algeria EMS","Algeria EMS","http://www.ems.dz/"
"1041","Algeria Post","Algeria Post","Algeria Post","http://www.poste.dz/"
"190625","AliExpress","ȫ������ͨ","ȫ�����uͨ","https://www.aliexpress.com/"
"190163","ALLJOY","ALLJOY","ALLJOY","http://www.alljoylogistics.com/"
"190409","AllRoad","��¹�羳����","��¹�羳����","http://www.zlwww.vip/"
"100440","AM Home Delivery","AM Home Delivery","AM Home Delivery","http://www.amtrucking.com/index.php"
"100308","Amazon Shipping + Amazon MCF","Amazon Shipping + Amazon MCF","Amazon Shipping + Amazon MCF","https://www.amazon.com/"
"100417","Amazon Shipping(IN)","Amazon Shipping(IN)","Amazon Shipping(IN)","https://track.amazon.in/"
"100309","Amazon Shipping(UK)","Amazon Shipping(UK)","Amazon Shipping(UK)","https://ship.amazon.co.uk/requestinfo/"
"190391","AML","��ķ��","��ķ��","http://www.imlexpress.cn/"
"9051","An Post","An Post","An Post","https://www.anpost.com/"
"190134","And I","��������","��������","http://www.andywl.com/"
"190687","Angelo Logistics","����ŵ","�����Z","http://www.angelo-latin.com/"
"190047","Anjun","��������","���E����","http://www.szanjun.com/"
"190304","AnserX","AnserX","AnserX","http://anserx.com/"
"190265","ANT Express","���ݰ���","�V�ݰ���","http://www.168express.cn/"
"92021","Antilles Post","Antilles Post","Antilles Post","http://cpostinternational.com/"
"190370","AO YOU","���˹���","���\���H","http://www.aoyunltd.com/"
"190631","AOS","��˴����","��˴����","http://www.auaos.com/"
"100121","APC Postal Logistics","APC Postal Logistics","APC Postal Logistics","https://www.apc-pli.com/"
"100178","APG eCommerce","APG eCommerce","APG eCommerce","https://apgecommerce.com/"
"100090","Aquiline","Aquiline","Aquiline","https://aquiline-tracking.com/"
"100006","Aramex","Aramex","Aramex","http://www.aramex.com/"
"100044","Aramex AU (formerly Fastway AU)","Aramex AU (formerly Fastway AU)","Aramex AU (formerly Fastway AU)","https://www.aramex.com.au/"
"190478","ART LOGISTICS","ART LOGISTICS","ART LOGISTICS","http://artlogexpress.com/"
"92031","Aruba Post","Aruba Post","Aruba Post","http://www.postaruba.com/"
"100029","Asendia","Asendia","Asendia","http://www.asendia.com/"
"100016","Asendia USA","Asendia USA","Asendia USA","http://www.asendiausa.com/"
"190521","ASGYL","���ٹ�Ӧ��","���ٹ����","http://www.gdasgyl.com/"
"190303","ASIAFLY","ASIAFLY","ASIAFLY","http://www.asiafly.com.cn/"
"100434","Asigna","Asigna","Asigna","http://www.logisticacanaria.es/"
"190408","AT","AT","AT","http://a-tian.aflyfish.com/"
"190350","AtWindow","�ڴ�","�ڴ�","http://www.atwindow.com/"
"190146","AUS","AUS","AUS","http://www.asusexp.com/"
"1151","Australia Post","Australia Post","Australia Post","http://auspost.com.au/"
"1161","Austrian Post","Austrian Post","Austrian Post","http://www.post.at/"
"100444","Averitt Express","Averitt Express","Averitt Express","https://www.averittexpress.com/"
"100272","AxleHire","AxleHire","AxleHire","https://axlehire.com/"
"1171","Azer Express Post","Azer Express Post","Azer Express Post","http://www.azems.az/"
"190076","BAB","BAB","BAB","http://www.bab-ru.com/"
"190703","Baosen Suntop","��ɭ��ͨ","��ɭ��ͨ","https://www.baosencn.cn/"
"190710","BAOWEIDA","������","�����_","http://www.baoweida.com.cn/"
"2041","Barbados Post","Barbados Post","Barbados Post","http://www.bps.gov.bb/"
"190481","Basa International","��������","���_���H","http://www.basaexp.com/"
"100400","BDM","BDM","BDM","https://www.bdmnet.it/"
"190627","BE","���ҹ���","ؐ�҇��H","http://www.beiyiguoji56.com/"
"100230","Bee Express","Bee Express","Bee Express","https://www.bee-express.com/"
"190108","BEL","��������","������H","http://www.8256ru.com/"
"2071","Belize Post","Belize Post","Belize Post","http://www.belizepostalservice.gov.bz/"
"2051","Belpost","Belpost","Belpost","http://belpost.by/"
"190655","Benjie","����","����","http://www.gz-yuanhang.com/"
"100130","Beone","Beone","Beone","http://www.ibeone.com/"
"90041","Bermuda Post","Bermuda Post","Bermuda Post","https://www.bermudapost.bm/"
"100391","BEST EXPRESS","BEST EXPRESS","BEST EXPRESS","https://www.best-inc.co.th/"
"190259","Best Inc.","��������","�������H","http://www.800bestex.com/"
"190628","BETA","����ͨ","��~ͨ","https://betashipping.mysxl.cn/"
"190434","BHT","�׺���","�׺���","http://www.fastzt.com/"
"2101","Bhutan Post","Bhutan Post","Bhutan Post","http://www.bhutanpost.bt/"
"190089","Bird System","Bird System","Bird System","https://www.birdsystemgroup.com/"
"100289","Black Arrow Express","Black Arrow Express","Black Arrow Express","http://www.blackarrow.express/"
"100250","Blue Express","Blue Express","Blue Express","https://www.bluex.cl/"
"190589","Blue Leopard","�����Ʋֹ�Ӧ��","�{��녂}�����","https://www.lb-56.com/"
"100053","Bluecare","Bluecare","Bluecare","https://www.bluecare.express/"
"100055","Bluedart","Bluedart","Bluedart","http://bluedart.com/"
"100098","BlueEx","BlueEx","BlueEx","https://www.blue-ex.com/"
"100453","Bluestreak","Bluestreak","Bluestreak","https://www.bluestreakcouriers.com/"
"100193","Bombino Express","Bombino Express","Bombino Express","https://www.bombinoexp.in/"
"190080","BONA","����","����","http://www.bnexp.com/"
"100414","Border Express","Border Express","Border Express","https://www.borderexpress.com.au/"
"2131","Botswana Post","Botswana Post","Botswana Post","http://www.botspost.co.bw/"
"100157","Boxberry","Boxberry","Boxberry","https://boxberry.ru/"
"190570","BOXIN","���Ź�������","���Ň��H����","http://www.boxinexpress.com:82/"
"100276","Boxme","Boxme","Boxme","https://boxme.asia/"
"2061","Bpost","Bpost","Bpost","https://track.bpost.cloud/"
"2063","Bpost International","Bpost International","Bpost International","http://www.bpost2.be/bpostinternational/track_trace/find.php"
"190011","BQC","��ǧ������","��ǧ�\����","http://www.1001000.com/"
"190335","BR1","BR1","BR1","http://www.br1express.com/"
"100375","Brazil Border","Brazil Border","Brazil Border","https://bbexp.com.br/"
"100423","Bring","Bring","Bring","https://www.bring.com/"
"100166","Bringer Air Cargo","Bringer Air Cargo","Bringer Air Cargo","https://www.bringeraircargo.com/"
"100197","Bringer Parcel Service","Bringer Parcel Service","Bringer Parcel Service","https://www.bringerparcel.com/"
"100446","Broker Den","Broker Den","Broker Den","https://www.brokerden.com/"
"100026","BRT","BRT","BRT","http://www.brt.it/"
"2161","Brunei Post","Brunei Post","Brunei Post","http://www.post.gov.bn/"
"190708","BSB","���ݰ�ʮ��","���ݰ�ʮ��","http://www.bsbtt.com/"
"190290","BSI","BSI","BSI","http://www.bsiscm.com/"
"190361","BSIE","�ص�Ƽ�����","��늿Ƽ�����","http://www.bsiecommerce.com/"
"190331","BTD","BTD","BTD","http://www.btdair.com/"
"190226","BUFFALO","BUFFALO","BUFFALO","http://www.buffaloex.com/"
"2171","Bulgarian Post","Bulgarian Post","Bulgarian Post","http://www.bgpost.bg/"
"2191","Burundi Post","Burundi Post","Burundi Post","http://www.poste.bi/"
"190018","BuyLogic","������","���I��","http://www.buylogic.cc/"
"190602","C&C Co.,Ltd","C&C Co.,Ltd","C&C Co.,Ltd","https://candc-stexpress.com/"
"100045","Cacesa Postal","Cacesa Postal","Cacesa Postal","http://www.cacesapostal.com/"
"190271","Cainiao","����","���B","https://www.cainiao.com/"
"3021","Cambodia Post","Cambodia Post","Cambodia Post","http://cambodiapost.post/"
"3031","Campost","Campost","Campost","https://www.campost.cm/"
"3041","Canada Post","Canada Post","Canada Post","http://www.canadapost.ca/"
"100146","Canpar Express","Canpar Express","Canpar Express","https://www.canpar.com/"
"100174","Cargus","Cargus","Cargus","https://www.cargus.ro/"
"100078","Caribou","Caribou","Caribou","https://wearecaribou.com/"
"100371","Castle Parcel","Castle Parcel","Castle Parcel","https://www.castleparcels.co.nz/"
"100349","CBL Logistica","CBL Logistica","CBL Logistica","http://www.cbl-logistica.com/"
"190364","CD","CD","CD","http://www.chengdaguoji.com.cn/"
"100030","CDEK","CDEK","CDEK","http://www.cdek.ru/"
"190556","CDEX","�����������","���_���H����","http://chenda.toujiaa.cn/"
"100263","CDL Last Mile","CDL Last Mile","CDL Last Mile","https://cdldelivers.com/"
"100219","Celeritas","Celeritas","Celeritas","https://celeritastransporte.com/en/"
"190709","CENTEX","�ҽ�����","���M؛�\","http://www.centex.cc/"
"100297","CEVA Logistics","CEVA Logistics","CEVA Logistics","https://www.cevalogistics.com/"
"190210","CGS","CGS","CGS","http://www.cgs-express.com/"
"190386","Cheer","��������","��������","https://www.cheer56.com/"
"190470","CHH","��������","���t����","http://www.chunhonggyl.com/"
"100278","Chilexpress","Chilexpress","Chilexpress","https://chilexpress.cl/"
"3013","China EMS","China EMS","China EMS","http://www.11183.com.cn/"
"3011","China Post","�й�����","�Ї��]��","http://yjcx.ems.com.cn/"
"190575","CHINA SOUTHERN AIR LOGISTICS","�Ϻ�����","�Ϻ�����","http://csairlog.com/"
"190393","CHINACOURIER","�п�","�п�","http://export.chinacourierhk.com:9088/login"
"190603","Chinese Link Worldwide","��������","�����\","http://www.fbadidi.com/"
"100244","Chit Chats","Chit Chats","Chit Chats","https://chitchats.com/"
"100137","Chronopost","Chronopost","Chronopost","https://chronopost.ma/"
"100273","Chronopost France","Chronopost France","Chronopost France","http://www.chronopost.fr/"
"190447","Chuangyu Logistics","��������","��������","http://www.cy-express.com/"
"190111","Chukou1","������","������","http://www.chukou1.com/"
"20011","Chunghwa Post","Chunghwa Post","Chunghwa Post","https://ipost.post.gov.tw/"
"190594","Cigerma","������������ѡ","����a�������x","https://www.cigerma.com/"
"190595","CIMC ADS","�м�����˳","�м����_�","http://www.ads-logistics.com/"
"190234","CITITRANS","������","�����H","http://www.cititrans.com/"
"100081","City Link","City Link","City Link","http://www.citylinkexpress.com/"
"100405","CityMail","CityMail","CityMail","https://www.citymail.se/"
"190283","CJ","�ټ�","�ټ�","https://cjdropship.com/"
"100117","CJ Century","CJ Century","CJ Century","https://www.cjcentury.com/"
"100116","CJ Korea Express","CJ Korea Express","CJ Korea Express","https://www.cjlogistics.com/"
"190448","CN wang tong","�й���ͨ","�Ї��Wͨ","https://cnwangtong.com/"
"190333","CND","��ŵ������","���Z�_����","http://www.cndexpress.com/"
"190208","CNE","CNE","CNE","http://www.cne.com/"
"100267","CNILINK","CNILINK","CNILINK","https://www.cnilink.com/"
"190487","CNOR","CNOR","CNOR","http://www.tflcn.com/"
"100370","Colicoli","Colicoli","Colicoli","https://www.colicoli.fr/"
"100027","Colis Prive","Colis Prive","Colis Prive","http://www.colisprive.com/"
"100239","Collect+","Collect+","Collect+","https://www.collectplus.co.uk/"
"190711","COMEBOX","����˹","����˹","http://www.comebox.cn/"
"100182","Comet Hellas","Comet Hellas","Comet Hellas","https://www.comethellas.gr/"
"190414","Comet Tech","�Ϻ��缪","�Ϻ��缪","https://comet-tech.com.cn/"
"100155","Commonline","˹�������ݸ�","˹���m���ݸ�","https://www.clexpress.lk/"
"190428","ComOne Express","��Ҽ����","��Ҽ���H","http://www.com1express.net/"
"190433","Continental","Continental","Continental","https://www.contin-global.com/"
"100255","Copa Airlines Courier","Copa Airlines Courier","Copa Airlines Courier","https://www.copacourier.com/"
"2151","Correios Brazil","Correios Brazil","Correios Brazil","http://www.correios.com.br/"
"3061","Correios Cabo Verde","Correios Cabo Verde","Correios Cabo Verde","http://www.correios.cv/"
"1121","Correo Argentino","Correo Argentino","Correo Argentino","http://www.correoargentino.com.ar/"
"19031","Correo El Salvador","Correo El Salvador","Correo El Salvador","http://www.correos.gob.sv/"
"16051","Correo Paraguayo","Correo Paraguayo","Correo Paraguayo","http://www.correoparaguayo.gov.py/"
"21041","Correo Uruguayo","Correo Uruguayo","Correo Uruguayo","http://www.correo.com.uy/"
"3181","Correos Costa Rica","Correos Costa Rica","Correos Costa Rica","http://www.correos.go.cr/"
"3201","Correos de Cuba","Correos de Cuba","Correos de Cuba","http://www.correos.cu/"
"8041","Correos de Honduras","Correos de Honduras","Correos de Honduras","http://www.honducor.gob.hn/"
"5011","Correos Ecuador","Correos Ecuador","Correos Ecuador","http://www.correosdelecuador.gob.ec/"
"100048","Correos Express","Correos Express","Correos Express","https://www.correosexpress.com/"
"16031","Correos Panama","Correos Panama","Correos Panama","http://www.correospanama.gob.pa/"
"19181","Correos Spain","Correos Spain","Correos Spain","http://www.correos.es/"
"190138","Cosco Shipping Air","��Զ���˿���","���h���\���\","http://www.cosco-eglobal.com/"
"100131","CourierPlus Nigeria","CourierPlus Nigeria","CourierPlus Nigeria","http://www.courierplus-ng.com/"
"100122","CouriersPlease","CouriersPlease","CouriersPlease","https://www.couriersplease.com.au/"
"190666","Cowin Logistics","���ƹ�������","���Ƈ��H����","https://www.cowin-intl.com/"
"190469","CPEX","CPEX","CPEX","http://www.cpex.ltd/"
"3191","Croatian Post","Croatian Post","Croatian Post","http://www.posta.hr/"
"100454","CrossCountry Freight","CrossCountry Freight","CrossCountry Freight","https://ccfs.com/"
"100093","CSE","CSE","CSE","https://www.cse.ru/"
"190404","CSIL","���N����","���N���H","http://www.csil-group.com/"
"190670","CTGJ","�������","�\����H","https://www.233trans.com/"
"190548","CTS","��ó����","�A�Q���H","https://www.ctsfreight.com/"
"16101","CTT","CTT","CTT","http://www.ctt.pt/"
"100114","CTT Express","CTT Express","CTT Express","https://www.cttexpress.com/"
"100231","Cubyn","Cubyn","Cubyn","https://www.cubyn.com/"
"190419","CXC Express","CXC Express","CXC Express","http://cxc.com.hk/"
"190510","CXE","�Ѹ�ٵ�","�Ѹ���f","http://www.cxe.cc/"
"3211","Cyprus Post","Cyprus Post","Cyprus Post","https://www.cypruspost.post/"
"3221","Czech Post","Czech Post","Czech Post","http://www.ceskaposta.cz/"
"100451","Dabonea","Dabonea","Dabonea","https://dabonea.com/"
"100342","DACHSER","DACHSER","DACHSER","https://www.dachser.com/"
"100372","Daewoo FastEx Courier","Daewoo FastEx Courier","Daewoo FastEx Courier","https://fastex.pk/"
"190560","DaMai Yuncang","�����Ʋ�","���~녂}","http://www.dmyc1688.com/"
"100346","Danske Fragtm?nd","Danske Fragtm?nd","Danske Fragtm?nd","https://www.fragt.dk/"
"100148","dao","dao","dao","https://www.dao.as/"
"100288","Dawn Wing (DPD Laser)","Dawn Wing (DPD Laser)","Dawn Wing (DPD Laser)","http://www.dawnwing.co.za/"
"100406","Day & Ross","Day & Ross","Day & Ross","https://dayross.com/"
"100206","DB Schenker","DB Schenker","DB Schenker","https://www.dbschenker.com/"
"100097","DDU Express","DDU Express","DDU Express","http://ddu-express.com/"
"190616","De Well","��������","�������H","https://www.de-well.com/"
"100291","DealerSend","DealerSend","DealerSend","https://dealer-send.com/"
"100060","Delhivery","Delhivery","Delhivery","https://www.delhivery.com/"
"100445","DELIVER-IT","DELIVER-IT","DELIVER-IT","https://www.deliver-it.com/"
"100108","Dellin","Dellin","Dellin","https://www.dellin.ru/"
"100212","Delnext","Delnext","Delnext","https://www.delnext.com/"
"100334","Deltec Courier","Deltec Courier","Deltec Courier","https://www.deltec-courier.com/"
"190174","Deppon","�°�","�°�","http://www.deppon.com/"
"100287","Deprisa","Deprisa","Deprisa","https://www.deprisa.com/"
"190355","DEQI","����","��","http://web.tpdex.com/"
"7044","Deutsche Post Mail","Deutsche Post Mail","Deutsche Post Mail","http://www.deutschepost.de/"
"190597","DH CITY EXPRESS","DH���п��","DH���п��f","http://www.dhcityexpress.com/"
"100001","DHL","DHL","DHL","http://www.dhl.com/"
"100216","DHL ACTIVETRACING","DHL ACTIVETRACING","DHL ACTIVETRACING","https://activetracing.dhl.com/"
"7048","DHL eCommerce Asia","DHL eCommerce Asia","DHL eCommerce Asia","https://ecommerceportal.dhl.com/"
"7047","DHL eCommerce US","DHL eCommerce US","DHL eCommerce US","https://www.dhl.com/us-en/home/tracking/tracking-ecommerce.html"
"100245","DHL Freight","DHL Freight","DHL Freight","https://www.dhl.com/global-en/home/our-divisions/freight.html"
"7041","DHL Paket","DHL Paket","DHL Paket","https://www.dhl.de/en/privatkunden/pakete-empfangen/verfolgen.html"
"100392","DHL Parcel (ES)","DHL Parcel (ES)","DHL Parcel (ES)","http://www.dhl.es/"
"100047","DHL Parcel (NL)","DHL Parcel (NL)","DHL Parcel (NL)","https://www.dhlparcel.nl/"
"100226","DHL Parcel (PL)","DHL Parcel (PL)","DHL Parcel (PL)","http://www.dhl.com.pl/"
"100152","DHL Parcel (UK)","DHL Parcel (UK)","DHL Parcel (UK)","https://www.dhl.com/gb-en/"
"100430","DHL Parcel Spain","DHL Parcel Spain","DHL Parcel Spain","https://www.dhl.com/es-en/home/our-divisions/parcel/home/private-shipments/tracking-shipments.html"
"100208","Dicom Express","Dicom Express","Dicom Express","http://www.dicom.com/"
"190658","DIDA International Logistics","��હ�������","��ઇ��H����","http://www.dida-exp.com/"
"190515","DIDADI","����������Ƽ�","����������Ƽ�","http://mydidadi.com/"
"19244","Direct Link","Direct Link","Direct Link","http://www.directlink.com/"
"190413","DNJ Express","DNJ Express","DNJ Express","http://www.dnjexpress.com/en/"
"100365","dobropost","dobropost","dobropost","https://dobropost.com/"
"100303","Dognposten","Dognposten","Dognposten","https://dognposten.com/"
"190706","Dongdi exp","���۹���","�|�ۇ��H","http://www.ddgj.hailei2018.com/"
"190585","DOR","������","�����T","http://www.doragate.com/"
"190576","DORJE","�������","�������","https://www.dorje56.com/"
"100188","DotZot","DotZot","DotZot","https://dotzot.in/"
"100321","DPD (BE)","DPD (BE)","DPD (BE)","https://www.dpd.com/be/nl/"
"100007","DPD (DE)","DPD (DE)","DPD (DE)","http://www.dpd.com/"
"100072","DPD (FR)","DPD (FR)","DPD (FR)","http://www.dpd.fr/"
"100404","DPD (GR)","DPD (GR)","DPD (GR)","https://dpd.gr/en/"
"100142","DPD (IE)","DPD (IE)","DPD (IE)","https://dpd.ie/"
"100111","DPD (PL)","DPD (PL)","DPD (PL)","https://www.dpd.com.pl/"
"100204","DPD (PT)","DPD (PT)","DPD (PT)","https://dpd.pt/"
"100177","DPD (RO)","DPD (RO)","DPD (RO)","https://www.dpd.com/ro/ro/"
"100071","DPD (RU)","DPD (RU)","DPD (RU)","https://www.dpd.ru/"
"100010","DPD (UK)","DPD (UK)","DPD (UK)","http://www.dpd.co.uk/"
"190424","DPE Express","�ݱ���","�f����","http://www.dpe.net.cn/"
"100014","DPEX","DPEX","DPEX","http://www.dpex.com/"
"190490","DPX EXPRESS","��ƽ������","��ƽ�����\","https://www.dpx-express.com/"
"100422","Dragonfly","Dragonfly","Dragonfly","https://dragonflyshipping.com.au/"
"190454","Dream & Love","�κͰ�","���͐�","http://www.mhafly.com/"
"100186","DSV","DSV","DSV","https://www.dsv.com/"
"100298","DSV e-Commerce IL","DSV e-Commerce IL","DSV e-Commerce IL","https://il.dsv.com/page-our-solutions/ecommerce/"
"190400","DTD","DTD","DTD","http://www.dtddirect.com/"
"100069","DTDC","DTDC","DTDC","http://www.dtdc.com/"
"190503","DuXiuExp","�������","������H","https://www.duxiuexp.com/"
"190358","DWE","��ά�ǻ�","��S�ǻ�","https://dweex.com/"
"190133","DWZ Expres","������","�f����","http://www.dwz56.com/"
"190397","DYEXPRESS","��Զ����","���h����","http://dyexpress.com/"
"190376","E D POST","E D POST","E D POST","http://www.666post.com/"
"190329","EAC","��������","�������\","http://www.szeac.com/"
"100225","Early Bird","Early Bird","Early Bird","https://earlybird.delivery/"
"190538","EASIPASS","��Լ���ɵ�","�\�s�p��f","http://www.cvnlog.com/"
"100194","Easy Mail","Easy Mail","Easy Mail","https://www.easymail.gr/en/"
"100075","Easy Way","Easy Way","Easy Way","http://easyway.ru/"
"100095","EasyGet","EasyGet","EasyGet","https://www.easyget.com.ua/"
"190527","Ebaza","�װ���","�װ���","http://www.ebazorgroup.com/"
"190579","EBOEXP","����","����","http://www.eboexp.com/"
"190187","ECexpress","ECexpress","ECexpress","http://www.ecexpress.com.cn/"
"190502","ECG","ECG","ECG","http://www.ecgexpress.com/"
"190168","ECMS","�׿���","�׿͝M","http://www.ecmsglobal.com/"
"100099","Ecom Express","Ecom Express","Ecom Express","https://ecomexpress.in/"
"190486","E-commerce KZ","E-commerce KZ","E-commerce KZ","http://www.e-commercekz.com/"
"100435","Ecoscooting","Ecoscooting","Ecoscooting","https://www.ecoscooting.com/"
"190562","eDeliver","�����׹���","�f���ׇ��H","http://www.e-delivering.com/"
"190261","EDL","Ҽ��ŵ","Ҽ�f�Z","http://www.1dlexpress.com/"
"190423","Edlon Logistics","����¡����","�u��¡����","http://www.szedlon.com/"
"100314","eFEx","eFEx","eFEx","http://efex.jp/"
"100306","EFS (E-commerce Fulfillment Service)","EFS (E-commerce Fulfillment Service)","EFS (E-commerce Fulfillment Service)","http://efs.asia/"
"5021","Egypt Post","Egypt Post","Egypt Post","http://www.egyptpost.org/"
"100056","Ekart","Ekart","Ekart","https://ekartlogistics.com/"
"190392","ELINEX","ELINEX","ELINEX","https://www.elinex.cn/"
"7071","ELTA","ELTA","ELTA","http://www.elta.gr/"
"100179","ELTA Courier","ELTA Courier","ELTA Courier","https://www.elta-courier.gr/"
"5031","Emirates Post","Emirates Post","Emirates Post","https://emiratespost.ae/"
"190458","EMPS Express","���ſ��","���ſ��","http://www.empsexpress.com/"
"100427","endicia","endicia","endicia","https://www.endicia.com/"
"12011","Enterprise des Poste Lao","Enterprise des Poste Lao","Enterprise des Poste Lao","http://www.laopost.com.la/"
"12016","Enterprise des Poste Lao (APL)","Enterprise des Poste Lao (APL)","Enterprise des Poste Lao (APL)","http://www.laopostapl.com/"
"100432","envialia","envialia","envialia","https://www.envialia.com/"
"190099","EPOS","��������","��������","http://www.58epos.com/"
"190700","E-post","E-post","E-post","https://www.e-post.co.il/"
"100028","ePost Global","ePost Global","ePost Global","https://portal.epgshipping.com/"
"190321","EPP","EPP","EPP","http://www.epsglobe.com/"
"190028","EPS","EPS","EPS","http://www.epsglobe.com/"
"190185","EQT","EQT","EQT","http://www.17post56.com/"
"190136","Equick","Equick","Equick","http://www.equick.cn/"
"5061","Eritrea Post","Eritrea Post","Eritrea Post","http://www.eriposta.com/"
"190242","ESE","������","������","http://e-se.cn/"
"190539","eShiper������","eShiper������","eShiper�l���W","http://www.eshiper.com/"
"100428","eShipper","eShipper","eShipper","https://www.eshipper.com/"
"190075","Eshun","Eshun","Eshun","http://www.zes-express.com/"
"100103","Esnad Express","Esnad Express","Esnad Express","https://www.esnadexpress.com/"
"190444","Espost","Espost","Espost","http://www.espost.es/"
"100139","Estafeta","Estafeta","Estafeta","https://www.estafeta.com/"
"100221","Estes","Estes","Estes","https://www.estes-express.com/"
"190275","ESX Logistics","��������","��������","http://www.8starexpress.com/"
"190462","ETEEN","ETEEN","ETEEN","http://www.eteenlog.com/"
"5051","Ethiopian Post","Ethiopian Post","Ethiopian Post","http://www.ethiopostal.com/"
"190209","eTotal","eTotal","eTotal","http://www.paktrac.com/"
"190017","ETS","ETS","ETS","http://ets-express.com/"
"100196","EURODIS","EURODIS","EURODIS","https://eurodis.com/"
"190494","EVERWIN","EVERWIN","EVERWIN","https://www.evertowin.com/"
"100331","Evri ( The New Hermes )","Evri ( The New Hermes )","Evri ( The New Hermes )","https://www.evri.com/"
"190412","EWE Global Express","EWEȫ������","EWEȫ������","http://www.ewe.com.au/"
"190026","EWS","EWS","EWS","http://epost.8dt.com/"
"100032","Exelot","Exelot","Exelot","http://www.exelot.com/"
"100270","Expeditors","Expeditors","Expeditors","https://www.expeditors.com/"
"100328","Express Courier International","Express Courier International","Express Courier International","https://expresscourierintl.com/"
"100265","Express One","Express One","Express One","https://expressone.hu/"
"190493","ExwWorld","�ֵ�ͨ","�ֵ�ͨ","http://www.exwworld.cn/"
"190207","Ezex","�����ٴ�","�p����_","http://www.owdiex.com/"
"100227","FamiPort","FamiPort","FamiPort","https://www.famiport.com.tw/"
"190691","FANKU","FANKU","FANKU","http://topfba56.com/"
"100376","Fanno","Fanno","Fanno","https://www.fannoshop.com/"
"190152","FAR International","FAR International","FAR International","http://www.far800.com/"
"100310","FARGO","FARGO","FARGO","http://fargo.uz/"
"190399","fargood","������","�l��؛","http://www.fargoodexpress.com/"
"96021","Faroe Post","Faroe Post","Faroe Post","http://www.posta.fo/"
"100158","Fast Despatch","Fast Despatch","Fast Despatch","https://fastdespatch.com/"
"100301","FAST EXPRESS","FAST EXPRESS","FAST EXPRESS","https://www.fast-express.com/en/"
"190541","Fastgo","���ɿ��","���ɿ��f","http://fastgo.com.au/"
"100068","Fastway (IE)","Fastway (IE)","Fastway (IE)","http://www.fastway.ie/"
"100067","Fastway (NZ)","Fastway (NZ)","Fastway (NZ)","https://www.aramex.co.nz/"
"100066","Fastway (ZA)","Fastway (ZA)","Fastway (ZA)","http://www.fastway.co.za/"
"190337","FBB","�ڶ�һ��","�[��һ��","http://www.ferryboatlogistics.com/"
"190697","FCJY","��ۼ���","�L�Y���\","http://www.fcgjwl.com/"
"190314","FCKJ","�ɳ۹�Ӧ��","�w�Y�����","http://www.fckjexpress.com/"
"100003","Fedex","Fedex","Fedex","http://www.fedex.com/"
"100261","FedEx? Poland","FedEx? Poland","FedEx? Poland","https://www.fedex.com/pl-pl/home.html"
"190164","FEIA","FEIA","FEIA","http://www.17feia.com/"
"100083","Fetchr","Fetchr","Fetchr","https://fetchr.us/"
"190599","FF express","�ɷ�����","�w�w����","http://www.ff-ex.com/"
"6031","Fiji Post","Fiji Post","Fiji Post","http://www.postfiji.com.fj/"
"100393","First Global Logistics","First Global Logistics","First Global Logistics","https://www.firstgloballogistics.co.nz/"
"190405","FIRST LINE","Ҽ��ר��","Ҽ̖����","http://www.firstline56.com/"
"100191","FirstMile","FirstMile","FirstMile","https://firstmile.com/"
"190353","FJEX","FJEX","FJEX","http://www.fujexp.com/"
"100235","Flash Express","Flash Express","Flash Express","https://www.flashexpress.co.th/"
"100094","Flip Post","Flip Post","Flip Post","https://flippost.com/"
"190500","FLT","��·ͨ","��·ͨ","http://www.fltpost.com/"
"190002","FLYT","��������","�w������","http://www.flytexpress.com/"
"190322","Four Seasons","�ļ�����","�ļ����P","http://www.fourseasonsfly.net/"
"100380","FOXPOST","FOXPOST","FOXPOST","https://www.foxpost.hu/"
"100234","FPS Logistics","FPS Logistics","FPS Logistics","http://www.fpslogistics.in/"
"190505","Frayun","����","����","https://www.frayun.com/"
"190371","FSGJ","���ٹ���","�w�ه��H","http://www.kd1913.com/"
"190591","Fuhai Wulian","��������","������","http://www.fuhai618.com/"
"190534","Fulfillant (Service Points)","Fulfillant (Service Points)","Fulfillant (Service Points)","https://www.fulfillant.com/"
"190528","FULFILLMEN","��������","��������","https://www.fulfillmen.com/"
"100145","GAASH Worldwide","GAASH Worldwide","GAASH Worldwide","https://gaashwd.com/"
"190381","GAEA","��������","�w������","http://www.gaeaex.com/"
"100317","Gate Link Logistics","Gate Link Logistics","Gate Link Logistics","https://www.gatelinklogistics.com/"
"190119","Gati","Gati","Gati","http://www.gaticn.com/"
"100313","GBS-Broker","GBS-Broker","GBS-Broker","https://gbs-broker.ru/"
"190273","GCLG","�������","���Y����","http://litped.com/"
"190305","GCT","GCT","GCT","http://www.gcmy56.com/"
"100173","GCX","GCX","GCX","https://gcx.co.il/en/"
"100150","GD Express","GD Express","GD Express","https://www.gdexpress.com/"
"100431","Gebr��der Weiss (GW)","Gebr��der Weiss (GW)","Gebr��der Weiss (GW)","https://www.gw-world.com/"
"100424","Gefco","Gefco","Gefco","https://www.gefco.net/en/"
"100141","Geis","Geis","Geis","https://www.geis-group.cz/"
"100396","GEL Express Logistik","GEL Express Logistik","GEL Express Logistik","https://www.gel-express.de/"
"100224","Geniki Taxydromiki","Geniki Taxydromiki","Geniki Taxydromiki","https://www.taxydromiki.com/en/"
"100356","GEODIS","GEODIS","GEODIS","http://www.geodis.com/"
"7031","Georgian Post","Georgian Post","Georgian Post","http://gpost.ge/"
"190672","GFS","��Զ����","�i�h���H","http://www.grand-freight.com/"
"7051","Ghana Post","Ghana Post","Ghana Post","http://www.ghanapost.com.gh/"
"190656","GHL","�������","�V������","http://www.ghlcn.com/"
"100202","GHL Logistics","GHL Logistics","GHL Logistics","https://ghllogistics.be/"
"90061","Gibraltar Post","Gibraltar Post","Gibraltar Post","http://www.royalgibraltar.post/"
"190398","GIMEN","���ſ羳","���T�羳","http://www.gimen56.com/"
"100169","GlavDostavka","GlavDostavka","GlavDostavka","https://glav-dostavka.ru/"
"190310","Global Leader","Global Leader","Global Leader","http://www.global-leader.cn/"
"100429","Global Post","Global Post","Global Post","https://www.goglobalpost.com/"
"100300","GLOBALTRANS","GLOBALTRANS","GLOBALTRANS","https://www.globaltrans.es/"
"100433","Glovo","Glovo","Glovo","https://glovoapp.com/"
"100005","GLS","GLS","GLS","https://gls-group.eu/EU/en/home"
"100207","GLS (Croatia)","GLS (Croatia)","GLS (Croatia)","https://gls-group.eu/HR/en/home"
"100281","GLS (CZ)","GLS (CZ)","GLS (CZ)","https://gls-group.eu/CZ/en/home"
"100280","GLS (HU)","GLS (HU)","GLS (HU)","https://gls-group.eu/HU/en/home"
"100024","GLS (IT)","GLS (IT)","GLS (IT)","https://www.gls-italy.com/"
"100384","GLS (NL)","GLS (NL)","GLS (NL)","https://www.gls-info.nl/"
"100316","GLS (PT)","GLS (PT)","GLS (PT)","https://gls-group.eu/PT/en/home"
"100284","GLS (RO)","GLS (RO)","GLS (RO)","https://gls-group.eu/RO/en/home"
"100283","GLS (SI)","GLS (SI)","GLS (SI)","https://gls-group.eu/SI/en/home"
"100282","GLS (SK)","GLS (SK)","GLS (SK)","https://gls-group.eu/SK/en/home"
"100305","GLS (US)","GLS (US)","GLS (US)","https://www.gls-us.com/"
"100189","GLS Spain (National)","GLS Spain (National)","GLS Spain (National)","https://www.gls-spain.es/en/"
"100411","Go4","Go4","Go4","https://www.go4.sk/"
"190233","Gobopost","�����׼�","�h���׼�","http://gobopost.com/"
"190623","GoFast","���칩Ӧ��","��칩���","http://www.gofastcn.com/"
"100421","GoGo Xpress","GoGo Xpress","GoGo Xpress","https://app.gogoxpress.com/track"
"190663","Gotofreight","������","�\�B�W","https://gotofreight.com/"
"100133","GPD Service","GPD Service","GPD Service","https://gpd-service.com/"
"100156","Grand Slam Express","Grand Slam Express","Grand Slam Express","http://grandslamexpress.in/"
"190506","Granful Solutions Ltd","Granful Solutions Ltd","Granful Solutions Ltd","https://hk-ols.granful.cn/"
"100105","Grastin","Grastin","Grastin","https://grastin.ru/"
"100299","Grupo ampm","Grupo ampm","Grupo ampm","http://www.grupoampm.com/"
"100118","GTD","GTD","GTD","https://gtdel.com/"
"190637","GTI","�羳��ͨ","�羳��ͨ","http://www.gti56.com/"
"100076","GTS Express","GTS Express","GTS Express","http://www.gtsexpress.com/"
"7141","Guyana Post","Guyana Post","Guyana Post","http://guypost.gy/"
"100203","GV","GV","GV","https://www.globavend.com/"
"190183","GXA","GXA","GXA","http://www.gaopost.com/"
"190330","GYL","������ͨ","�����\ͨ","http://www.gyang.net/"
"190695","GZHY","���ݻ���","�V���A��","http://hyytgz.com/"
"190651","GZSZHHY","��������","����؛�\","http://www.gd11183.cn/"
"190707","GZZD","����׿��","�V��׿�_","http://www.guangzhouexcellent.com/"
"190492","H66 (Lala move)","�����������������ʣ�","؛������؛�������H��","https://www.h66.cn/"
"190680","Haixin Express","������ͨ","�����\ͨ","http://www.hxyt56.cn/"
"100266","Hanjin","Hanjin","Hanjin","https://www.hanjin.co.kr/"
"100223","Happy-Post","Happy-Post","Happy-Post","https://happy-post.com/"
"100450","Hart 2 Hart","Hart 2 Hart","Hart 2 Hart","https://hart2hartexpress.co.uk/"
"1131","Haypost","Haypost","Haypost","http://www.haypost.am/"
"190466","HCT Logistics","��������","��������","https://www.hct.com.tw/"
"190299","HDQN","HD����","HD����","http://hdgj19.com/"
"190609","Hecny","Hecny","Hecny","https://www.hecny.com/"
"100181","Helthjem","Helthjem","Helthjem","https://helthjem.no/"
"190665","HENGLONG GROUP","��������","�a�����F","http://www.hlongcargo.com/"
"190555","Heping Logistics","��ƽ����","��ƽ����","http://www.hpgjwl.com/"
"100018","Hermes","Hermes","Hermes","https://www.hermesworld.com/"
"100031","Hermes (DE)","Hermes (DE)","Hermes (DE)","http://www.myhermes.de/"
"100091","Hermes Borderguru","Hermes Borderguru","Hermes Borderguru","https://www.hermesborderguru.com/"
"100327","HFD","HFD","HFD","https://www.hfd.co.il/"
"190678","HH logistics","HH logistics","HH logistics","http://www.szhhhy.cn/"
"190681","HHH","���ӻ�","���ӅR","http://www.szhhh56.com/"
"190600","HHY","�����","�a���\","http://www.hhyexpress.com/"
"190457","HiLiFe","������","�R����","https://www.hilife.com.tw/"
"190497","HJ-GYL","HJ-GYL","HJ-GYL","http://www.hj-sc56.com/"
"190229","HJYT","HJYT","HJYT","http://www.hjyt56.com/"
"190156","HKD","HKD","HKD","http://www.hkdexpress.net/"
"190474","HMCP","��ó����","�h�Q�}��","http://sztoppost.com/"
"190372","HMG","������","�S�R��","http://www.hmg-express.com/"
"190369","HNCA Logistics","���Ϻ�Ͷ����","���Ϻ�Ͷ����","http://www.hnhtyxgs.com/"
"190598","Hong Hai Chain","�꺣��Ӧ��","�꺣�����","http://www.gzbtygj.com/"
"8011","HongKong Post","HongKong Post","HongKong Post","http://www.hongkongpost.hk/"
"100274","Hound Express","Hound Express","Hound Express","http://www.hound-express.com/"
"190464","HOYANGexpress","��������","��P����","http://www.hoyangexpress.com/"
"100292","HP","HP","HP","https://www.hpcourier.ca/"
"190388","HQGJXB","HQGJXB","HQGJXB","http://www.hqgjhy.cn/"
"190031","HRD","HRD","HRD","http://www.hrgjzx.com/"
"100243","HRP","HRP","HRP","https://www.hrparcel.com/"
"100324","HRX","HRX","HRX","https://www.hrx.pl/"
"190480","HSD","���ٴ�","�����_","https://www.hsd-express.com/"
"190416","HSD Express","��ʢ�����","��ʢ�_���H","http://www.hsd-ex.com/"
"190352","HSDGJ","�����","����_","http://hsdexpress.com/"
"190619","HSGJ","���̹���","�A�̇��H","http://www.hsscm-ltd.com/"
"190003","HuaHan Logistics","��������","�A������","https://www.hh-exp.com/"
"190328","HuaHang","��������","�A�����\","http://www.hhjy56.cn/"
"190501","HUANSHI56","��������","�h��؛�\","http://www.fltpost.com/"
"190382","Huasheng INT","���N����","�A�N���H","http://www.hsgjky.com/"
"190421","HuaXi Express","��������","�A�����H","http://www.huaxiexpress.com/"
"190173","HUIN Logistics","�ݶ�����","�ݶ�����","http://www.huinglobal.com/"
"190685","hulihang","������","�A����","https://www.hlhex.com.cn/"
"190467","Hundred Miles Freight","Hundred Miles Freight","Hundred Miles Freight","http://www.bwwlys.com/"
"100233","Hunter Express","Hunter Express","Hunter Express","https://www.hunterexpress.com.au/"
"190559","Huodull","Huodull","Huodull","http://www.huodull.com/"
"190489","HX","��������","��������","http://www.hxgj-exp.com/"
"190712","HY","��Ԫ����","�aԪ���\","http://www.hyjy-exp.com/"
"190437","HY Express","��Զ����","���h���H","http://www.hy-express.com/"
"190662","HYE","�������","�h����H","http://www.hyexp.net/"
"190306","HYTX","HYTX","HYTX","http://www.hytx-exp.com/"
"190471","HZC","���޳�����","��ٝ������","http://hzc-express.com/"
"9011","Iceland Post","Iceland Post","Iceland Post","http://www.postur.is/"
"100345","iCumulus","iCumulus","iCumulus","https://www.icumulus.com/"
"190624","IDE","IDE","IDE","https://www.ideexp.com/"
"100104","IDS Logistics","IDS Logistics","IDS Logistics","https://www.idsship.com/"
"190626","ILS","�ݺ��������","�v�M���H����","http://www.ilsau.com/"
"190438","iMile","iMile","iMile","https://www.imile.com/"
"100039","IML","IML","IML","http://iml.ru/"
"9021","India Post","India Post","India Post","http://www.indiapost.gov.in/"
"100336","InexPost","InexPost","InexPost","https://www.inexpost.ru/"
"4041","Inposdom","Inposdom","Inposdom","http://www.inposdom.gob.do/"
"100043","Inpost (PL)","Inpost (PL)","Inpost (PL)","https://inpost.pl/"
"100059","Intelcom Express","Intelcom Express","Intelcom Express","https://intelcomexpress.com/"
"190572","INTEL-VALLEY","�ǹȹ�Ӧ��","�ǹȹ����","http://www.qhzhigu.com/"
"100360","Inter Courier","Inter Courier","Inter Courier","https://www.intercourier.pt/"
"190533","Interlet","Ӣ������","Ӣ���R��","http://www.ytltkd.com/"
"100381","Internet Express","Internet Express","Internet Express","https://www.internetexpress.co.za/"
"100210","Interparcel (AU)","Interparcel (AU)","Interparcel (AU)","https://au.interparcel.com/"
"100211","Interparcel (NZ)","Interparcel (NZ)","Interparcel (NZ)","https://nz.interparcel.com/"
"100209","Interparcel (UK)","Interparcel (UK)","Interparcel (UK)","https://uk.interparcel.com/"
"100015","i-Parcel","i-Parcel","i-Parcel","http://www.i-parcel.com/"
"100277","IQS","IQS","IQS","https://iqsgsc.com/"
"9041","Iran Post","Iran Post","Iran Post","http://post.ir/"
"100257","ISO Logistics","ISO Logistics","ISO Logistics","https://iso-logistics.vn/"
"9061","Israel Post","Israel Post","Israel Post","http://www.israelpost.co.il/"
"100437","iThink Logistics","iThink Logistics","iThink Logistics","https://www.ithinklogistics.com/"
"190442","J&T Express (CN)","J&T Express (CN)","J&T Express (CN)","http://www.jtexpress.com.cn/"
"100074","J&T Express (ID)","J&T Express (ID)","J&T Express (ID)","http://www.jet.co.id/"
"100388","J&T Express (MX)","J&T Express (MX)","J&T Express (MX)","https://www.jtexpress.mx/"
"100079","J&T Express (MY)","J&T Express (MY)","J&T Express (MY)","https://jtexpress.my/"
"100240","J&T Express (PH)","J&T Express (PH)","J&T Express (PH)","https://jtexpress.ph/"
"100402","J&T Express (SA)","J&T Express (SA)","J&T Express (SA)","https://www.jtexpress-sa.com/"
"100229","J&T Express (SG)","J&T Express (SG)","J&T Express (SG)","https://www.jtexpress.sg/"
"100271","J&T Express (TH)","J&T Express (TH)","J&T Express (TH)","https://www.jtexpress.co.th/"
"100456","J&T Express (VN)","J&T Express (VN)","J&T Express (VN)","https://jtexpress.vn/"
"100295","J&T International","���ù���","�O�Ç��H","https://www.jet-logistics.com/"
"10011","Jamaica Post","Jamaica Post","Jamaica Post","http://www.jamaicapost.gov.jm/"
"100140","Janio","Janio","Janio","https://janio.asia/"
"10021","Japan Post","Japan Post","Japan Post","http://www.post.japanpost.jp/"
"100115","JAPO Transport","JAPO Transport","JAPO Transport","https://japo-autodoprava.cz/"
"190120","JCEX","�ѳɹ���","�ѳɇ��H","http://www.jcex.com/"
"190547","JCYT56","JCYT56","JCYT56","http://www.51jcyt.com/"
"190302","JD Worldwide","��������","���|���H","https://www.jdworldwide.com/"
"100120","JDE","JDE","JDE","https://www.jde.ru/"
"190567","JDIEX","JDIEX��������","JDIEX���H����","https://www.jdiex.com/"
"190498","JDT","����ͨ","����ͨ","https://www.jiudt.com/"
"190332","JDY","����","���","http://www.szjdy.ltd/"
"100238","JENY","JENY","JENY","https://www.jenyxpress.com/"
"90091","Jersey Post","Jersey Post","Jersey Post","http://www.jerseypost.com/"
"100228","J-Express","J-Express","J-Express","https://www.j-express.id/"
"190357","JH","�ܺ���������","�ܺ����H����","http://www.jiehang.net/"
"190544","Jiedan logistics","�ݵ�����","�ݵ����\","http://www.jdexp.cn/"
"190641","Jiede supply chain","�ݵ¹�Ӧ��","�ݵ¹����","http://www.jdgjwl.com/"
"190465","JINLAI","��������","��������","http://www.jinlaiexpress.com/"
"190612","JINSHIDA","������","�����_","http://www.jsdgj56.cn/"
"190690","Jinyue Freight","��Խ����","��Խ���H","http://www.jinyuefreight.com/"
"190588","JJWEX","��������","�������H","http://www.jjwex.com/"
"190543","JL56","JL56","JL56","http://www.szdk56.com/"
"100086","JNE Express","JNE Express","JNE Express","https://www.jne.co.id/"
"190082","J-NET","����","�ݾW","http://www.j-net.cn/"
"100359","Jocom","Jocom","Jocom","http://www.jocom.my/"
"100220","JoeyCo","JoeyCo","JoeyCo","https://www.joeyco.com/"
"100449","Joom Logistics","Joom Logistics","Joom Logistics","https://joomlogistics.com/en"
"10031","Jordan Post","Jordan Post","Jordan Post","http://www.jordanpost.com.jo/"
"190379","JOYING BOX","�ɺп羳","�w�п羳","https://www.joyingbox.com/"
"2121","JP BH Post","JP BH Post","JP BH Post","http://www.posta.ba/"
"190443","JPSGJ","����˹����","���V˹���H","http://jpsgjwl.com/"
"190199","JS","���ٹ���","���ه��H","http://www.js-exp.com/"
"190025","JSH","��ʢ��","��ʢ��","http://www.galaxy-ex.com/"
"190105","JTEX","JTEX","JTEX","http://www.i360express.com/"
"190644","Jusda International","׼ʱ��","�ʕr�_","https://www.jusdaglobal.com/"
"190365","JY","JY","JY","https://www.jiayingex.com/"
"190460","JYC","�����","�����","http://www.1hhz.com/"
"11011","Kaz Post","Kaz Post","Kaz Post","https://post.kz/"
"11021","Kenya Post","Kenya Post","Kenya Post","http://www.posta.co.ke/"
"190225","Kerry eCommerce","Kerry eCommerce","Kerry eCommerce","https://www.kerry-ecommerce.com/"
"100338","Kerry Express (HK)","Kerry Express (HK)","Kerry Express (HK)","https://hk.kerryexpress.com/home"
"100236","Kerry Express (TH)","��������(̩��)","��������(̩��)","https://th.kerryexpress.com/"
"190577","KING KERRY","�����������","���_����H����","http://www.jky-express.com/"
"190426","King Kong Express","�����ٵ�","���V���f","http://www.kke.com.hk/"
"11041","Kiribati Post","Kiribati Post","Kiribati Post","http://kiribatipost.net.ki/"
"190276","KJY","�羳��","�羳��","http://tracking.kjy.com/"
"100085","K-mestu","K-mestu","K-mestu","http://k-mestu.ru/"
"190366","Komon","���ɹ���","���ɇ��H","http://www.komonexpress.com/"
"190452","Kong Lok Express","��������","�ۘ����]","http://konglok.com/"
"11051","Korea Post","Korea Post","Korea Post","http://www.epost.go.kr/"
"11054","Korea Post (Domestic)","Korea Post (Domestic)","Korea Post (Domestic)","https://service.epost.go.kr/iservice/usr/trace/usrtrc001k01.jsp"
"190606","KPK","������","�P���P","http://www.kpksz.com/"
"190431","Krexi international","�������","������H","http://www.krexi.com/"
"190522","KTD","��ͨ��","��ͨ�_","http://www.kuatongda.com/"
"190390","KuaJing Line","�羳����","�羳�ھ�","http://www.kuajingline56.com/"
"100164","Kuehne Nagel","Kuehne Nagel","Kuehne Nagel","https://home.kuehne-nagel.com/"
"11081","Kuwait Post","Kuwait Post","Kuwait Post","http://moc.gov.kw/"
"190054","KWT","KWT","KWT","http://www.kwt56.com/"
"190309","KYD","���״�","�����_","http://yuncang321.cn/"
"190551","KYE","��Խ����","��Խ����","https://ky-express.com/"
"190611","KYLIN","���뺣���","���뺣��}","http://www.kylinowms.com/"
"190453","Kylin Express","��������","��������","https://www.qlinyun.com/"
"11094","Kyrgyz Express Post","Kyrgyz Express Post","Kyrgyz Express Post","https://www.kep.kg/"
"6051","La Poste (Colissimo)","La Poste (Colissimo)","La Poste (Colissimo)","http://www.laposte.fr/"
"2081","La Poste De Benin","La Poste De Benin","La Poste De Benin","http://www.laposte.bj/"
"19081","La Poste De Senegal","La Poste De Senegal","La Poste De Senegal","http://www.laposte.sn/"
"20051","La Poste De Togo","La Poste De Togo","La Poste De Togo","http://www.laposte.tg/"
"20101","La Poste De Tunisia","La Poste De Tunisia","La Poste De Tunisia","http://www.poste.tn/"
"190613","Lambor Logistics","����ȫ��С������","�m��ȫ��С������","http://www.lamborlogistics.com/"
"100021","Landmark Global","Landmark Global","Landmark Global","https://landmarkglobal.com/"
"100052","LaserShip","LaserShip","LaserShip","https://www.lasership.com/"
"190504","latam","������","�����]","https://latamyou.com/"
"12021","Latvia Post","Latvia Post","Latvia Post","http://www.pasts.lv/"
"100249","Lazada","Lazada","Lazada","https://www.lazada.com/en/"
"100264","LBC Express","LBC Express","LBC Express","https://www.lbcexpress.com/"
"190676","LBTX","��������","��������","https://www.lbtxkd.com/"
"190582","LCDGYL","�����﹩Ӧ��","���_�����","http://www.lcdgyl.com/"
"100366","LCS-Leopards Courier Service","LCS-Leopards Courier Service","LCS-Leopards Courier Service","http://leopardscourier.com/pk/"
"190686","LDGJ","�춫����","�I�|���H","https://www.ldgj56.com/"
"190285","LEADER","LEADER","LEADER","https://www.leader609.com/"
"190507","LEDii","�ֵݹ�Ӧ��","���f�����","http://www.ledii.cn/"
"100351","Legion Express","Legion Express","Legion Express","https://legionexp.com/"
"190445","LeiYi international logistics","���������������������޹�˾","������������H�������޹�˾","http://www.ly-b2c.com/"
"190451","lerdex","���׻�","���׻�","http://www.tdexpress.net/"
"12041","Lesotho Post","Lesotho Post","Lesotho Post","http://lesothopost.org.ls/"
"190223","LEX","LEX","LEX","http://www.xdlex.com/"
"190645","LHE","��������","�������\","http://www.lh-express.cn/"
"190354","LHG","LHG","LHG","http://www.lianhegj56.com/"
"12031","Liban Post","Liban Post","Liban Post","http://www.libanpost.com/"
"190422","LiBang Logistics","�����������","������H����","http://www.lbexps.com/"
"12061","Libya Post","Libya Post","Libya Post","http://libyapost.ly/"
"190347","Lidi Logistics","��������","��������","http://hnlidi.cn/"
"100358","Line Clear Express","Line Clear Express","Line Clear Express","https://www.lineclearexpress.com/"
"190473","Linex","Linex","Linex","https://www.linexsolutions.com/"
"190660","Lingjing","�龳","�`��","http://express-lj.com/"
"190360","LingXun Logistics","��Ѷ����","�IӍ����","http://www.lingxun.top/"
"190289","Link Bridge","Link Bridge","Link Bridge","http://www.link-bridge.com.cn/"
"100302","LionBay","LionBay","LionBay","https://lionbay.express/"
"12081","Lithuania Post","Lithuania Post","Lithuania Post","http://www.post.lt/"
"190679","LLGJ","·������","·�����H","http://www.llgj.ltd/"
"190380","LMSY","��������","���}���\","https://www.lmparcel.com/"
"100457","Loggi Express BR","Loggi Express BR","Loggi Express BR","https://www.loggi.com/"
"190461","Logisters","�沨����","�S������","http://www.logisters.com/"
"100205","Loomis Express","Loomis Express","Loomis Express","https://www.loomisexpress.com/"
"100337","LSO(Lone Star Overnight)","LSO(Lone Star Overnight)","LSO(Lone Star Overnight)","https://www.lso.com/"
"190172","LTEXP","�����ٵ�","�������f","http://www.ltexp.com.cn/"
"190274","LTIAN EXP","���ʹ���","���]���H","http://www.jygjexp.com/"
"12101","Luxembourg Post","Luxembourg Post","Luxembourg Post","http://www.post.lu/"
"100020","LWE","LWE","LWE","http://www.lwe.asia/"
"190362","LY","LY","LY","http://www.longyuanint.com/"
"100374","M&P Courier","M&P Courier","M&P Courier","https://www.mulphilog.com/"
"13011","Macau Post","Macau Post","Macau Post","http://www.macaupost.gov.mo/"
"13021","Macedonia Post","Macedonia Post","Macedonia Post","https://www.posta.com.mk/"
"190356","Madrooex","Madrooex","Madrooex","http://www.madrooex.com/"
"8051","Magyar Posta","Magyar Posta","Magyar Posta","http://posta.hu/"
"100389","Mailalliance","Mailalliance","Mailalliance","https://www.mailalliance.net/"
"13134","MailAmericas","MailAmericas","MailAmericas","http://mailamericas.com/"
"190475","Make Fly","���ͷ��������","�~���S���H����","http://www.mkf56.com"
"13061","Maldives Post","Maldives Post","Maldives Post","http://www.maldivespost.com/"
"13081","Malta Post","Malta Post","Malta Post","http://www.maltapost.com/"
"190664","MASSPACK","ǧ�ٰ�","ǧ�ٰ�","http://www.masspack-express.com/"
"100161","Matkahuolto","Matkahuolto","Matkahuolto","https://www.matkahuolto.fi/"
"13131","Mauritius Post","Mauritius Post","Mauritius Post","http://www.mauritiuspost.mu/"
"190526","MAXPRESS","MAXPRESS","MAXPRESS","http://www.maxway-logistics.com/"
"190278","MCTrans","���ɴ�","�R���_","http://www1.mctransexpress.cn/"
"100350","MDS Collivery","MDS Collivery","MDS Collivery","https://collivery.net/"
"100023","Meest","Meest","Meest","http://meest-group.com/"
"100362","Mercury","Mercury","Mercury","https://www.shipmercury.com/"
"13141","Mexico Post","Mexico Post","Mexico Post","http://www.correosdemexico.gob.mx/"
"100455","Meyer Distribution","Meyer Distribution","Meyer Distribution","https://www.meyerdistributing.com/"
"190525","mgoship","�����ձ���","�����ձ��}","https://www.mgoship.com/"
"100201","Micro Express","Micro Express","Micro Express","http://api.mircoexpress.com/"
"190545","Mingda","�����������","������H����","http://www.mingda-express.com/"
"190063","Mingzhi","��־����","�־���H","http://www.mz56.com/"
"190027","MIUSON","���Ź���","���Ň��H","http://www.miuson.net/"
"190516","MKD","����������","����������","http://www.mkdexpress.com.mx/"
"13161","Moldova Post","Moldova Post","Moldova Post","http://www.posta.md/"
"100304","Mondial Relay","Mondial Relay","Mondial Relay","https://www.mondialrelay.fr/"
"13181","Mongol Post","Mongol Post","Mongol Post","http://www.mongolpost.mn/"
"13191","Montenegro Post","Montenegro Post","Montenegro Post","http://www.postacg.me/"
"190643","More Logistics","ïҵ����","ï�I����","http://www.gzmywl.com/"
"190491","MORELINK","MORELINK","MORELINK","https://client.morelink56.com/"
"13211","Morocco Post","Morocco Post","Morocco Post","http://www.poste.ma/"
"100175","MRW","MRW","MRW","https://www.mrw.es/"
"190334","MSD","ħ�ٴ�","ħ���_","http://www.mosuda.com/"
"100383","MTD","MTD","MTD","https://www.mtd.se/"
"100418","MTO EXPRESS","㑖|����","㑖|����","https://www.fba.jp/"
"190041","M-Trust","�Ϻ�����","�Ϻ�����","http://www.mxe56.com/"
"100294","Multrans Logistics","Multrans Logistics","Multrans Logistics","https://portal.multransglobalmail.com/tracking/"
"13231","Myanmar Post","Myanmar Post","Myanmar Post","https://www.myanmarpost.com.mm/"
"190401","MYD","��Ҽ��","�MҼ��","http://www.mydservice.cn/"
"190638","Myloop","����","���J","https://www.myloop.plus/"
"100436","Nacex","Nacex","Nacex","https://www.nacex.com/"
"14011","Namibia Post","Namibia Post","Namibia Post","http://www.nampost.com.na/"
"100089","Naqel","Naqel","Naqel","https://www.naqelexpress.com/"
"100369","Nationwide Express","Nationwide Express","Nationwide Express","https://www.nationwide2u.com/"
"190387","NBT","�ϱ�ͨ","�ϱ�ͨ","https://www.ofo56.com/"
"14031","Nepal Post","Nepal Post","Nepal Post","http://www.gpo.gov.np/"
"100385","NET SPA","NET SPA","NET SPA","http://netspaitalia.com/"
"190546","NEW ASIA","��ϸ��","�¼���","http://www.newasia99.com/"
"14061","New Zealand Post","New Zealand Post","New Zealand Post","http://www.nzpost.co.nz/"
"100395","Newgistics","Newgistics","Newgistics","https://www.newgistics.com/"
"190698","Newhandle","�º���","�º���","https://www.newhandle.cn/"
"100087","Nexive","Nexive","Nexive","https://www.nexive.it/"
"14071","Nicaragua Post","Nicaragua Post","Nicaragua Post","http://www.correos.gob.ni/"
"14101","Nigerian Post","Nigerian Post","Nigerian Post","https://www.nipost.gov.ng/"
"100125","Ninjavan (ID)","Ninjavan (ID)","Ninjavan (ID)","https://www.ninjaxpress.co/id-id"
"100127","Ninjavan (MY)","Ninjavan (MY)","Ninjavan (MY)","https://www.ninjavan.co/en-my"
"100126","Ninjavan (PH)","Ninjavan (PH)","Ninjavan (PH)","https://www.ninjavan.co/en-ph"
"100124","Ninjavan (SG)","Ninjavan (SG)","Ninjavan (SG)","https://www.ninjavan.co/en-sg"
"100128","Ninjavan (TH)","Ninjavan (TH)","Ninjavan (TH)","https://www.ninjavan.co/th-th"
"100129","Ninjavan (VN)","Ninjavan (VN)","Ninjavan (VN)","https://www.ninjavan.co/vi-vn"
"100256","Nobordist","Nobordist","Nobordist","https://www.nobordist.com/"
"14081","Norway Post","Norway Post","Norway Post","http://www.posten.no/"
"100035","Nova Poshta","Nova Poshta","Nova Poshta","http://novaposhta.ua/"
"100162","Nova Poshta Global","Nova Poshta Global","Nova Poshta Global","https://novaposhtaglobal.ua/en/"
"190126","NUO","NUO","NUO","http://www.nuo56.com/"
"190508","OBC Logistics","OBC Logistics","OBC Logistics","https://www.zuexpress.cn/"
"100199","OCA","OCA","OCA","http://www.oca.com.ar/"
"100286","OCS ANA Group","OCS ANA Group","OCS ANA Group","http://ocs-india.in/eng/"
"190420","OCS Express","OCS ���ʿ��","OCS ���H���f","http://www.ocschina.com/"
"100195","OCS Worldwide","OCS Worldwide","OCS Worldwide","https://www.ocsworldwide.co.uk/"
"190657","OGI","�������","�f�����H","http://www.ogicn.com/"
"15011","Oman Post","Oman Post","Oman Post","https://omanpost.om/"
"100187","OmniParcel","OmniParcel","OmniParcel","http://track.omniparcel.com/"
"5041","Omniva","Omniva","Omniva","https://www.omniva.ee/"
"5044","Omniva (Post11)","Omniva (Post11)","Omniva (Post11)","http://www.post11.com/"
"100011","One World","One World","One World","http://www.oneworldexpress.com/"
"190568","onetouch-tech","���ֿƼ�","朂}�Ƽ�","https://cargodiscovery.com/"
"190661","ONTASK EXPRESS","��ʱ��","���r�_","http://www.ontaskd2d.com/"
"100049","OnTrac","OnTrac","OnTrac","https://www.ontrac.com/"
"190244","OOPSTON","OOPSTON","OOPSTON","https://www.elitebio.com/"
"100448","Optima","Optima","Optima","http://www.optimacourier.com/"
"97021","OPT-NC","OPT-NC","OPT-NC","http://www.opt.nc/"
"190205","Orange Connex","����","��","http://www.orangeconnex.com/"
"100269","OrangeDS","OrangeDS","OrangeDS","https://orangedsinc.com/"
"100247","OSM Worldwide","OSM Worldwide","OSM Worldwide","https://www.osmworldwide.com/"
"190343","OU JIE","ŷ��","�W��","http://www.ojexpress.cn/"
"190584","Ouguan supply chain","Ÿ�ڹ�Ӧ��","�t�ڹ����","http://www.oggyl.com/"
"190634","OUHUA","ŷ��","�W�A","http://www.gdouhua.com/"
"190649","Oulala","Oulala","Oulala","http://www.oulala-express.com/"
"190569","OUYOU INTERNATIONALITY","ŷ�ʹ���","�W�]���H","http://www.szouyou.cn/"
"190320","OYXGJ","ŷ����","�W���d","http://www.gdoyx.net/"
"100054","P2P Mailing","P2P Mailing","P2P Mailing","https://p2pmailing.co.uk/"
"100364","Paack","Paack","Paack","https://paack.co/"
"190696","PACIFAC","��̩","�|̩","http://www.etscp.com/"
"100132","Packeta","Packeta","Packeta","https://www.packeta.com/"
"100168","Packlink","Packlink","Packlink","https://www.packlink.es/"
"190653","PaFeiTe","������","������","http://www.pftlogistics.cn/"
"190368","Pago","�ɸ����","�ɸ���H","http://www.szpago.com/"
"16011","Pakistan Post","Pakistan Post","Pakistan Post","http://www.pakpost.gov.pk/"
"100077","PAL Express","PAL Express","PAL Express","http://www.palexpress.com.hk/"
"16021","Palestine Post","Palestine Post","Palestine Post","http://www.palpost.ps/"
"100394","Pall-Ex (UK)","Pall-Ex (UK)","Pall-Ex (UK)","https://www.pallex.co.uk/"
"100333","Panther","Panther","Panther","http://www.pantherpremium.com/Tracking.aspx"
"100147","Paquetexpress","Paquetexpress","Paquetexpress","https://www.paquetexpress.com.mx/"
"100046","Parcel2GO","Parcel2GO","Parcel2GO","https://www.parcel2go.com/"
"11033","Parcelforce","Parcelforce","Parcelforce","http://www.parcelforce.com/"
"190396","Parceljet","���ٽ�","���ٽ�","http://www.parceljet.com/"
"100387","Pass the Parcel","Pass the Parcel","Pass the Parcel","https://www.passtheparcel.co.nz/"
"100232","PCF","PCF","PCF","https://pcfcorp.com/"
"100401","Penguin","Penguin","Penguin","https://www.penguinbox.cz/"
"190282","PFC","�ʼ�����","�ʼ�����","http://www.pfcexpress.com/"
"100107","PFLogistics","PFLogistics","PFLogistics","http://www.pflogistics.com.au/"
"190621","PGL","�����ɷƹ�","�V���ɷ��","http://www.pgl.hk/"
"16071","Philippine Post","Philippine Post","Philippine Post","https://www.phlpost.gov.ph/"
"100379","Pick Pack Pont","Pick Pack Pont","Pick Pack Pont","https://www.pickpackpont.hu/"
"190558","Pickupp (HK)","Pickupp (HK)","Pickupp (HK)","http://www.hkpickup.com/"
"100377","Pickupp (MY)","Pickupp (MY)","Pickupp (MY)","https://my.pickupp.io/"
"100378","Pickupp (SG)","Pickupp (SG)","Pickupp (SG)","https://sg.pickupp.io/"
"190596","Pickupp (TW)","Pickupp (TW)","Pickupp (TW)","https://tw.pickupp.io/"
"190519","Pigeon Logisitcs","�ɸ�����","�w������","http://www.pigeon56.com/"
"100425","PiggyShip","PiggyShip","PiggyShip","https://piggyship.com/index.html"
"190601","Pingdaguoji","ƽ�����","ƽ�_���H","http://www.pingda56.com.cn/"
"190573","Pinke","�Ϻ�Ʒ��","�Ϻ�Ʒ��","http://www.pkgjwl.com/"
"100036","Pitney Bowes","Pitney Bowes","Pitney Bowes","https://www.pitneybowes.com/"
"16041","PNG Post","PNG Post","PNG Post","http://www.postpng.com.pg/"
"16081","Poland Post","Poland Post","Poland Post","http://www.poczta-polska.pl/"
"100037","Pony Express","Pony Express","Pony Express","https://www.ponyexpress.ru/"
"9031","Pos Indonesia","Pos Indonesia","Pos Indonesia","https://www.posindonesia.co.id/"
"13051","Pos Malaysia","Pos Malaysia","Pos Malaysia","http://www.pos.com.my/"
"100268","Post Haste","Post Haste","Post Haste","https://www.posthaste.co.nz/"
"100058","Posta Plus","Posta Plus","Posta Plus","http://www.postaplus.com/"
"9071","Poste Italiane","Poste Italiane","Poste Italiane","http://www.poste.it/"
"6041","Posti","Posti","Posti","http://www.posti.fi/"
"14041","PostNL","PostNL","PostNL","https://www.postnl.nl/"
"14044","PostNL International Mail","PostNL International Mail","PostNL International Mail","http://www.postnl.post/"
"4011","PostNord Danmark","PostNord Danmark","PostNord Danmark","http://www.pakkeboksen.dk/"
"19241","PostNord Sweden","PostNord Sweden","PostNord Sweden","http://www.postnord.se/"
"12084","PostPlus","PostPlus","PostPlus","http://www.post-plus.net/"
"190689","PPEX","PPEX","PPEX","http://www.pyt56.com/"
"100176","PPL CZ","PPL CZ","PPL CZ","https://www.ppl.cz/"
"100319","Pro Carrier","Pro Carrier","Pro Carrier","https://weareprocarrier.com/"
"100279","Professional Couriers","Professional Couriers","Professional Couriers","https://www.tpcindia.com/"
"100119","PTS Worldwide Express","PTS Worldwide Express","PTS Worldwide Express","https://wp.pts.net/"
"20111","PTT","PTT","PTT","http://www.ptt.gov.tr/"
"100042","Purolator","Purolator","Purolator","https://www.purolator.com/"
"190417","PY Express","���Ź�Ӧ��","�Ƀ������","http://www.py-express.net/"
"190249","QFL Expres","�������","�����p�L","http://www.szqfsy.wang/"
"190485","QLN","ǧ����","ǧ���B","https://www.qianliniao.com/"
"17011","Q-Post","Q-Post","Q-Post","https://qatarpost.qa/"
"100153","Qualitypost","Qualitypost","Qualitypost","https://www.qualitypost.com.mx/"
"100109","Quantium Solutions","��ͥ��������","��ͥ���H����","https://www.quantiumsolutions.com/"
"190201","Quickway","Quickway","Quickway","http://www.quickway-sc.com/"
"100323","Qwintry Logistics","Qwintry Logistics","Qwintry Logistics","https://logistics.qwintry.com/"
"100190","Qxpress","Qxpress","Qxpress","http://www.qxpress.net/"
"190374","QYEXP","ǰ�����","ǰ����H","http://www.qyexp.cn/"
"190220","QYSC","QYSC","QYSC","https://www.szquanyikj.com/"
"190383","Qyun","��������","�������","http://www.qyunexpress.com/"
"100339","R+L Carriers","R+L Carriers","R+L Carriers","https://www.rlcarriers.com/"
"100329","RaBee Express","RaBee Express","RaBee Express","http://rabee.mx/"
"100420","Raben Group","Raben Group","Raben Group","https://www.raben-group.com/"
"100259","RAM","RAM","RAM","https://www.ram.co.za/"
"190574","RBL","��������(����ר�ߣ�","��������(�ρ�������","https://rbllogistics.com/"
"190153","RCT","���ͨ","����ͨ","http://www.rct56.com/"
"190317","Redbox","Redbox","Redbox","http://www.redboxsz.com/"
"100160","Redbox MV","Redbox MV","Redbox MV","https://www.redbox.mv/"
"190509","RedC","RedC","RedC","https://www.redchains.cc/"
"100138","Redpack","Redpack","Redpack","https://www.redpack.com.mx/"
"100341","Redur","Redur","Redur","https://redur.es/"
"100326","Relex","Relex","Relex","https://www.relex.ie/"
"190483","RFL","��o����","���o����","http://www.runforint.com/"
"190385","RHM","RHM","RHM","http://www.rheymah.net/"
"100151","RINCOS","RINCOS","RINCOS","http://www.rincos.co.kr/"
"100253","Roadrunner Freight","Roadrunner Freight","Roadrunner Freight","https://freight.rrts.com/"
"18021","Romania Post","Romania Post","Romania Post","http://www.posta-romana.ro/"
"100386","ROMANO LOGISTICS","ROMANO LOGISTICS","ROMANO LOGISTICS","https://romano-logistics.com/"
"11031","Royal Mail","Royal Mail","Royal Mail","http://www.royalmail.com/"
"100033","Royal Shipments","Royal Shipments","Royal Shipments","https://royalshipments.com/"
"190429","RRS Logistics","����˳����","���������","https://www.rrswl.com/"
"100413","RTT","RTT","RTT","https://www.rtt.co.za/"
"190339","RUE","����","����","http://www.ruecom.cn/"
"190375","Runbai","���","����","http://www.runbail.com/"
"100285","Runner Express","Runner Express","Runner Express","http://runnerexpress.co.il/"
"18031","Russian Post","Russian Post","Russian Post","https://pochta.ru/"
"18041","Rwanda Post","Rwanda Post","Rwanda Post","http://www.i-posita.rw/"
"100012","S.F. Express","˳������","��S���\","http://intl.sf-express.com/"
"100165","SAEE","SAEE","SAEE","https://www.saee.sa/en/"
"190395","SaFly","���ɹ�������","���w���H����","http://www.safly.net/"
"100040","Sagawa","Sagawa","Sagawa","http://www.sagawa-exp.co.jp/"
"100041","Sagawa Global","Sagawa Global","Sagawa Global","http://www.sgh-globalj.com/"
"190425","Sai Cheng Logistics","���Ϲ���","ِ�\���H","http://www.saichenglogistics.com/"
"100242","SAIA","SAIA","SAIA","https://www.saia.com/"
"100051","Sailpost","Sailpost","Sailpost","http://www.sailpost.it/"
"12091","Saint Lucia Post","Saint Lucia Post","Saint Lucia Post","http://www.stluciapostal.com/"
"190702","Saiyascm","���ǹ���","�������H","http://www.syascm.com/"
"100416","Sameday (HU)","Sameday (HU)","Sameday (HU)","https://sameday.hu/"
"100320","Sameday (RO)","Sameday (RO)","Sameday (RO)","https://sameday.ro/"
"19281","Samoa Post","Samoa Post","Samoa Post","http://samoapost.ws/"
"19051","San Marino Post","San Marino Post","San Marino Post","http://www.poste.sm/"
"190482","Sana","Sana","Sana","https://www.sanaship.com/"
"100344","SAP EXPRESS","SAP EXPRESS","SAP EXPRESS","https://www.sap-express.id/"
"190499","Sapphire Box","Sapphire Box","Sapphire Box","http://www.sapphirebox56.com"
"19071","Saudi Post","Saudi Post","Saudi Post","https://splonline.com.sa/ar/"
"190326","SBD","SBD","SBD","http://www.sbd-scm.com/"
"190344","SCGJ","ʰ�Ϲ���","ʰ�\���H","http://www.scgj56.net/"
"100112","SCM","SCM","SCM","https://www.scmpaqueteria.mx/"
"100019","SDA","SDA","SDA","http://www.sda.it/"
"190280","SDK","˹�¿�","˹�¿�","http://www.sdk-express.cn/"
"100171","Seino","Seino","Seino","http://www.seino.co.jp/en/"
"100332","SEKO Logistics","SEKO Logistics","SEKO Logistics","https://www.sekologistics.com"
"100248","Sending","Sending","Sending","https://www.sending.es/"
"100258","SendIt","SendIt","SendIt","https://www.sendit.asia/"
"100123","Sendle","Sendle","Sendle","https://www.sendle.com/"
"19091","Serbia Post","Serbia Post","Serbia Post","http://www.posta.rs/"
"16061","Serpost","Serpost","Serpost","http://www.serpost.com.pe/"
"100438","Seur","Seur","Seur","https://www.seur.com/"
"19111","Seychelles Post","Seychelles Post","Seychelles Post","http://www.seychelles-post.com/"
"190113","SFC","��̬�ٵ�","���B���f","http://www.sfcservice.com/"
"190346","SGF","SGF","SGF","http://www.starglobal.com.cn/"
"100073","SGT","SGT","SGT","http://www.sgt.it/"
"100102","Shadowfax","Shadowfax","Shadowfax","https://shadowfax.in/"
"190098","Shang Fang","�з�����","�з����H","http://www.shangfang56.com/"
"190407","SHE","ɭ�����","ɭ�����H","http://www.showl.com/"
"190699","SHE EXPRESS","��ƥ��","��ƥ�R","https://www.sheexpress.com/"
"190652","SHIBIDA","ʱ�ش�","�r���_","https://www.sbdkuajing.com/"
"190694","ShiFeng","ʱ�����","�r�S���H","http://www.gzsfgj.com/"
"100318","ShipGlobal US","ShipGlobal US","ShipGlobal US","https://www.shipglobal.us/"
"100352","Shippit","Shippit","Shippit","https://www.shippit.com/"
"100367","Shiptor","Shiptor","Shiptor","https://shiptor.ru/"
"190384","SHJX","�Ϻ���϶","�Ϻ��x϶","http://www.juxiex.com/"
"100237","Shopee","Shopee","Shopee","https://shopee.cn/"
"100409","Shopee Xpress (ID)","Shopee Xpress (ID)","Shopee Xpress (ID)","https://spx.co.id/"
"100408","Shopee Xpress (MY)","Shopee Xpress (MY)","Shopee Xpress (MY)","https://shopeexpress.com.my/"
"100410","Shopee Xpress (TH)","Shopee Xpress (TH)","Shopee Xpress (TH)","https://spx.co.th/"
"190472","Shopline Logistics","��������","�������","https://www.myoneship.cn/"
"100357","Shree Maruti Courier","Shree Maruti Courier","Shree Maruti Courier","https://www.shreemaruticourier.com/"
"100347","SHREE TIRUPATI COURIER","SHREE TIRUPATI COURIER","SHREE TIRUPATI COURIER","http://www.shreetirupaticourier.net/"
"190327","SHT","SHT","SHT","http://www.shthn.com/"
"19131","Singapore Post","Singapore Post","Singapore Post","http://www.singpost.com/"
"190137","Sinoair","���˷�չ","���\�lչ","https://www.sinoex.com.cn/"
"190351","Sinodidi","���˵ϵ�","���\�ϵ�","http://www.sinodidiexpress.com/"
"190312","Sinotrans","���������","�����\���","http://trace.sinotrans.hk/"
"190688","Sinotrans South","���������˹�Ӧ��","�A�������\�����","https://sc.y2t.com/"
"190488","SKR","SKR","SKR","http://skr56.com/"
"100290","Skroutz Last Mile","Skroutz Last Mile","Skroutz Last Mile","https://www.skroutzlastmile.gr/"
"190639","SKUARE","��������","�������H","http://skuare.com.cn/"
"100452","Skyking","Skyking","Skyking","https://skyking.co/track/"
"100025","Skynet","Skynet","Skynet","http://www.skynet.net/"
"100192","Skynet (MY)","Skynet (MY)","Skynet (MY)","https://www.skynet.com.my/"
"100149","SkyPostal","SkyPostal","SkyPostal","https://www.skypostal.com/"
"190552","SLICITY","˳��������","�������","http://www.yz-ex.com/"
"100407","Slovak Parcel Service","Slovak Parcel Service","Slovak Parcel Service","https://www.sps-sro.sk/"
"19141","Slovakia Post","Slovakia Post","Slovakia Post","http://www.posta.sk/"
"19151","Slovenia Post","Slovenia Post","Slovenia Post","http://www.posta.si/"
"190704","SM","���׹���","ِ�ׇ��H","http://www.simingj.com/"
"100170","SMART Post Global","SMART Post Global","SMART Post Global","https://smartpost.global/en"
"190359","SMARTCAT","SMARTCAT","SMARTCAT","http://viphm56.com/"
"100034","SMSA Express","SMSA Express","SMSA Express","http://www.smsaexpress.com/"
"190654","SoarMall","��è","��؈","http://www.soarmall.com/"
"190692","SOLID LOGISTICS","�Ϻ�����","�Ϻ����~","http://www.solidlogistics.cn/"
"19161","Solomon Post","Solomon Post","Solomon Post","http://www.solomonpost.com.sb/"
"2181","Sonapost","Sonapost","Sonapost","http://www.sonapost.bf/"
"19171","South Africa Post","South Africa Post","South Africa Post","https://www.postoffice.co.za/"
"190542","South American Post","��������","�����]","http://www.southamericapost.com/"
"100368","Southeastern Freight Lines","Southeastern Freight Lines","Southeastern Freight Lines","https://www.sefl.com/"
"100322","Spaldex+","Spaldex+","Spaldex+","https://spaldex-express.ru/"
"100307","Speedaf","Speedaf","Speedaf","https://speedaf.com/"
"100447","Spee-Dee Delivery","Spee-Dee Delivery","Spee-Dee Delivery","https://speedeedelivery.com/"
"100315","SPEEDEX","SPEEDEX","SPEEDEX","http://www.speedex.gr/"
"100198","Speedy","Speedy","Speedy","https://www.speedy.bg/en/"
"190213","SPES","������","�����]","https://spes.link/"
"100213","Spring GDS","Spring GDS","Spring GDS","https://www.spring-gds.com/"
"190059","SprintPack","ŷ��ͨ","�W��ͨ","http://www.sprintpack.com.cn/"
"100172","Sprintstar","Sprintstar","Sprintstar","https://sprintstar.ca/"
"190514","SQGJ","ʤ������","�������H","http://suzsq.com/"
"19191","Sri Lanka Post","Sri Lanka Post","Sri Lanka Post","http://www.slpost.gov.lk/"
"190540","SSC","���ٹ�Ӧ��","���ٹ����","http://www.sscexp.com/"
"190373","ST","ST","ST","http://www.kgy58.com/"
"190705","ST International Express","��ͨ���ʿ���","��ͨ���H���\","https://www.sutongst.com/"
"190377","STADT","ʩ����","ʩ����","http://www.stadt.com.cn/"
"100246","Starken","Starken","Starken","https://www.starken.cl/"
"190610","Staron","�ǳ�����","�ǳ�����","http://www.xingchengwuliu.com/"
"100335","StarTrack","StarTrack","StarTrack","http://startrack.com.au/"
"190476","Star-Wish","��ϣ����Ӧ��","��ϣ�������","http://www.star-wish.cn/"
"190324","STO Express","��ͨ���","��ͨ���f","http://www.sto.cn/"
"190316","STO Global","��ͨ����","��ͨ���H","http://www.stosolution.com/"
"190605","STONE3PL","STONE3PL","STONE3PL","https://www.stone3pl.com/"
"100262","Straightship","Straightship","Straightship","https://straightship.com/"
"19201","Sudan Post","Sudan Post","Sudan Post","http://sudapost.sd/"
"190171","SUMTOM","SUMTOM","SUMTOM","http://www.sumtom.cn/"
"190087","SunJT","SunJT","SunJT","http://www.sjtgyl.com/"
"190363","Sunnyway","Sunnyway","Sunnyway","http://www.isunnyway.com/"
"190632","Sunson","���ι�������","���·��H����","http://www.sunsonexpress.com/"
"190072","SUNYOU","˳������","�������","http://www.sypost.com/"
"190566","Superior Digital","�ٵ㹩Ӧ��","���c�����","http://superior-digital.com/"
"190402","SuperTon","�ٱ�ͨ","�ٌ�ͨ","https://www.super-ton.com/"
"190427","Sure Express","�ٶ����","�٠����f","http://www.sure56.com/"
"190449","Suto Logistics","��ͨ����","��ͨ����","http://www.sut56.com/"
"19021","SVG Post","SVG Post","SVG Post","http://www.svgpost.gov.vc/"
"190436","SW Express","SW Express","SW Express","http://www.world-express.com/"
"100143","Swiship","Swiship","Swiship","https://www.swiship.com/"
"100415","Swiship (AU)","Swiship (AU)","Swiship (AU)","https://www.swiship.com.au/track/"
"100312","Swiship (DE)","Swiship (DE)","Swiship (DE)","https://www.swiship.de/"
"100214","Swiship (UK)","Swiship (UK)","Swiship (UK)","https://www.swiship.co.uk/track/"
"19251","Swiss Post","Swiss Post","Swiss Post","https://www.post.ch/"
"100373","Swyft Logistics","Swyft Logistics","Swyft Logistics","https://swyftlogistics.com/"
"190450","SY Express","˳����Ӧ��","�ꖹ����","http://www.chengfengexpress.com/"
"190221","SYD","���ʴ�����","���]�_����","http://www.suyd56.com/"
"19261","Syrian Post","Syrian Post","Syrian Post","http://www.syrianpost.gov.sy/"
"100275","Szendex","Szendex","Szendex","https://www.szendex.com/"
"190277","SZJY","���ݼ���","���ݼ��\","http://www.szjy188.com/"
"190523","SZMY","SZMY","SZMY","http://www.dxd-express.com/"
"190580","SZXYD LOGISTICS","������","�����_","http://www.xydfreight.com/"
"190479","TaiShi","̩ʵ","̩��","http://www.gztaishi.com/"
"190139","Take Send","̩������","̩������","http://www.takesend.com/"
"20031","Tanzania Post","Tanzania Post","Tanzania Post","http://www.posta.co.tz/"
"190052","TBS","�Բ�˹","�Բ�˹","http://www.taoplus.cc/"
"100215","T-CAT","��èլ����","��؈լ����","http://www.t-cat.com.tw/"
"100260","TCS","TCS","TCS","https://www.tcsexpress.com/"
"190318","TDE","TDE","TDE","http://www.sztdgyl.com/"
"100382","Teiker","Teiker","Teiker","https://www.teiker.mx/"
"96031","Tele Post","Tele Post","Tele Post","https://telepost.gl/"
"100061","TForce Final Mile","TForce Final Mile","TForce Final Mile","https://www.tforcefinalmile.com/"
"190297","TFS","�츮ʢ","�츮ʢ","http://www.tfs906.com/"
"100397","Thabit Logistics","Thabit Logistics","Thabit Logistics","https://thabit-logistics.com/"
"20041","Thailand Post","Thailand Post","Thailand Post","https://www.thailandpost.co.th/"
"100184","The Courier Guy","The Courier Guy","The Courier Guy","https://www.thecourierguy.co.za/"
"190211","Tianzi","Tianzi","Tianzi","http://www.tzexp.com/"
"190378","Tinghao","ͦ�ù���","ͦ�Ç��H","http://www.tinghaowl.com/"
"190323","Tinzung","Tinzung","Tinzung","http://www.tianzongsc.com/"
"100185","TIPSA","TIPSA","TIPSA","https://www.tip-sa.com/"
"190536","TJ-EXP","�Ծ�����","�Ծ�؛�\","http://www.shtjkd.com/"
"100063","TMG","TMG","TMG","http://www.tmg-group.jp/"
"100092","TMM Express","TMM Express","TMM Express","http://tmm-express.com/"
"100004","TNT","TNT","TNT","http://www.tnt.com/"
"100200","TNT (AU)","TNT (AU)","TNT (AU)","https://www.tntexpress.com.au/"
"100241","TNT (FR)","TNT (FR)","TNT (FR)","http://www.tnt.fr/"
"100065","TNT (IT)","TNT (IT)","TNT (IT)","https://www.tnt.it/"
"190272","TO C LOGISTICS",";������",";������","http://www.globesuccess.com.cn/"
"190468","Tocinda","���Ŵ�","�����_","http://www.zxdexpress.com/"
"100009","Toll","Toll","Toll","http://www.tollgroup.com/"
"100163","Tonami","Tonami","Tonami","http://www.tonami.co.jp/"
"190194","Tonda Global","ͨ��ȫ��","ͨ�_ȫ��","http://www.tarrive.com/"
"20061","Tonga Post","Tonga Post","Tonga Post","http://www.tongapost.to/"
"190195","TopEx","׿־����","׿־���\","http://www.esdex.com/"
"190074","TopYou","ͨ�ʼ���","ͨ�]���F","https://www.szty56.com/"
"100390","TP Logistics","TP Logistics","TP Logistics","https://www.thaiparcels.com/"
"100180","Trackon","Trackon","Trackon","https://trackon.in/"
"100222","TrakPak","TrakPak","TrakPak","https://fcbtracking.fedex.com/trakpak.aspx/"
"190513","TRUSTONE","ȫ��ͨ","ȫ��ͨ","http://www.hnqst.cn/"
"190617","TSE","TSE","TSE","http://www.51856.xyz/"
"190077","TT Express","������","������f","https://www.ttkdex.com/"
"190537","TTGJ","ͨ;����","ͨ;���H","http://www.szttgj.com/"
"20091","Tuvalu Post","Tuvalu Post","Tuvalu Post","http://www.tuvalupost.tv/"
"190418","TWTH","�����캣","�����캣","http://www.th99.com/"
"190650","TY","�������","�v����H","http://www.sztygj.net/"
"190193","TZT","TZT","TZT","http://www.tzgjwl.cn/"
"190112","UBI","UBI","UBI","http://www.ubismartparcel.com/"
"190415","UC Express","���ٿ��","���ٿ��f","http://www.uce.cn/"
"190674","uCorreos","����ͨ","�h��ͨ","http://www.ucorreos.com/"
"190341","uda International","�ϴ����","��_���H","http://www.udalogistic.com/"
"21011","Uganda Post","Uganda Post","Uganda Post","http://www.ugapost.co.ug/"
"100050","UK Mail","UK Mail","UK Mail","https://www.ukmail.com/"
"21021","Ukrposhta","Ukrposhta","Ukrposhta","http://ukrposhta.ua/"
"100426","ULALA","ULALA","ULALA","https://ulala.ca/"
"100217","United Delivery Service","United Delivery Service","United Delivery Service","http://www.uniteddeliveryservice.com/"
"100134","UniUni","UniUni","UniUni","https://uniuni.com/"
"100002","UPS","UPS","UPS","http://www.ups.com/"
"100399","UPS Freight","UPS Freight","UPS Freight","https://ltl.upsfreight.com/"
"100398","UPS Mail Innovations","UPS Mail Innovations","UPS Mail Innovations","https://www.upsmailinnovations.com/"
"100252","UrbanFox","UrbanFox","UrbanFox","https://www.urbanfox.asia/"
"100293","Urvaam","Urvaam","Urvaam","https://www.urvaam.es/"
"190122","Usky","Usky","Usky","http://www.uskyexpress.com/"
"190092","U-Speed","��ʱ��","���r��","http://www.u-speedex.com/"
"21051","USPS","USPS","USPS","http://www.usps.com/"
"190109","UTEC","UTEC","UTEC","http://www.utec.info/"
"190238","UVAN","UVAN","UVAN","http://www.uvan56.com/"
"190248","UXTX","��������","�]������","http://www.ux-exp.com/"
"21031","Uzbekistan Post","Uzbekistan Post","Uzbekistan Post","http://www.pochta.uz/"
"100442","Valley TMS","Valley TMS","Valley TMS","https://www.valleytms.com/"
"100403","Vamaship","Vamaship","Vamaship","https://www.vamaship.com/"
"100330","Vamox","Vamox","Vamox","https://tracking.vamox.io/"
"22021","Vanuatu Post","Vanuatu Post","Vanuatu Post","http://www.vanuatupost.vu/"
"100363","Vasp Expresso","Vasp Expresso","Vasp Expresso","https://www.vaspexpresso.pt/"
"100218","Venipak","Venipak","Venipak","https://venipak.lt/en/"
"190518","VerykShip","Ψ������","Ψ������","https://www.verykship.com/"
"100136","Vestovoy","Vestovoy","Vestovoy","https://vestovoy.ru/"
"22043","VietNam EMS","VietNam EMS","VietNam EMS","https://ems.com.vn/"
"22041","VietNam Post","VietNam Post","VietNam Post","http://www.vnpost.vn/"
"190432","Vnlin","��������","�����H","http://www.winlinklogistics.com/"
"100154","Vova Logistics","Vova Logistics","Vova Logistics","https://www.vovalogistics.com/"
"100183","Wahana","Wahana","Wahana","https://wahana.com/"
"190086","Wanb Express","Wanb Express","Wanb Express","http://www.wanbexpress.com/"
"100355","WE|DO","WE|DO","WE|DO","https://www.wedo.cz/"
"190684","WEDO","�˵�","�\��","https://www.wedoexpress.com/"
"190578","Weitu Technology Logistics","ά;�Ƽ�����","�S;�Ƽ�����","https://www.wtkjwl.com/"
"190170","WEL","WEL","WEL","http://www.we-logistics.com/"
"100113","West Bank","West Bank","West Bank","http://westbankcourier.com/"
"190675","WESTLINK","WESTLINK","WESTLINK","http://www.westlinkintl.com/"
"100159","Whistl","Whistl","Whistl","https://trackmyitem.whistl.co.uk/"
"190102","WHT","���ͨ","���ͨ","http://www.whtexpress.com/"
"190615","WIA Fulfill","ά����ͨ","�S����ͨ","https://www.wia-sourcing.com/"
"190336","Wiio","Wiio","Wiio","http://www.hzpdex.com/"
"100100","Wing","Wing","Wing","https://www.wing.ae/"
"190284","WINIT","����ͨ","�f��ͨ","http://www.winit.com.cn/"
"190085","Wise Express","��ɫ�ٵ�","�fɫ���f","http://www.shwise.cn/"
"190165","Wishpost","Wish��","Wish�]","https://www.wishpost.cn/"
"190440","WLD Express","�����¹���","�f�����H","http://www.wld-express.com/"
"190403","WM","�����Ʋ�","�f��녂}","http://www.wmycc.com/"
"100361","wnDirect","wnDirect","wnDirect","https://wndirect.com/"
"190511","worldwide logistics","������������","�h���������F","https://www.worldwide-logistics.cn/"
"190100","WSE Logistics","����������","����������","http://www.gdwse.com/"
"190178","WSH","WSH","WSH","https://www.360lion.com/"
"190581","WST","��˳ͨ","�f�ͨ","https://www.wst.group/"
"190590","Wu Xing Supply Chain","���ǹ�Ӧ��","���ǹ����","http://www.faivstar.com/"
"190313","WWE","WWE","WWE","https://www.weworldexpress.com/"
"190693","Wynn Express","������ͨ","�����\ͨ","http://www.wynn-express.com/"
"100167","XDP EXPRESS","XDP EXPRESS","XDP EXPRESS","https://www.xdp.co.uk/express/"
"190633","XH","XH","XH","http://www.gzxhgj.com/"
"190554","XINGSU","���ٻ���","����؛�\","http://www.xingsuexp.com/"
"190608","XingTongGlobal","��ͨ����","��ͨ���\","https://www.xingtongjiyun.com/"
"190081","XINGYUAN","XINGYUAN","XINGYUAN","http://new.sz-tianma.com/"
"190532","XinMaTai","����̩","���R̩","http://www.xmtgyl.com/"
"190604","Xinyan international","��������","��������","http://www.xin-logistics.cn/"
"190629","XJWL","�۾�����","�۾�����","http://www.xiongjiu168.com/"
"100254","XPO Logistics","XPO Logistics","XPO Logistics","https://www.xpo.com/"
"100101","Xpressbees","Xpressbees","Xpressbees","http://www.xpressbees.com/"
"190038","XQE","��ǰ����","��ǰ����","http://www.xqkjwl.com/"
"190477","XS Express","��������","������","http://xs-exp.com/"
"190549","XT","Ѹ�����","Ѹ����H","http://www.xtl163.com/"
"190630","XTOOLS","���ù�Ӧ��","���ù����","http://www.ct-scm.com/"
"190671","XUNHE","Ѷ�Ϲ���","Ӎ�χ��H","http://www.xunhefba.com/"
"190406","XXD","�Ϻ�������","�Ϻ������_","http://www.xxdexp.com/"
"190571","XXZ365","������","������","http://www.xxz365.com/"
"190167","XYL","��Զ����","�d�h���H","http://www.816kf.com/"
"190701","XYTKJ","����ͨ�羳","���\ͨ�羳","http://www.szxytkj.com/"
"190340","XYY","XYY","XYY","http://www.xingyunyi.cn/"
"100062","Yamato","Yamato","Yamato","http://www.kuronekoyamato.co.jp/"
"190012","YANWEN","��������","��������","http://www.yw56.com.cn/"
"190496","YBD","�ʱش�","�]���_","http://www.ybdexpress.com/"
"190682","YC LOGISTICS","�ϳϹ���","���\���H","http://yc-express.com.cn/"
"190251","YDGJ","�������","�������","http://www.yudiexp.com/"
"190200","YDH","YDH","YDH","http://www.ydhex.com/"
"190529","YDM","Ҽ����","Ҽ����","http://www.ydm-express.com/"
"190243","YDS","YDS","YDS","http://www.ydexp.com/"
"190667","YDYT","�״���ͨ","���_�\ͨ","http://www.ydyt56.com/"
"190531","Yechain","������Ӧ��","��朹����","http://www.hopailogtech.com/"
"190348","Yeeda","�״�����","���_�\","http://www.yeeda909.com/"
"25011","Yemen Post","Yemen Post","Yemen Post","http://www.post.ye/"
"190673","Yes-speed","Ԫ�ٺ���","Ԫ�ٺ���","http://www.yes-speed.com/"
"100439","YF Logistics","YF Logistics","YF Logistics","https://www.yflogisticsllc.com/"
"190593","YF518","Ԭ������","Ԭ�����","http://www.cargo518.com/"
"190389","YFH","ԭ�ɺ�","ԭ�w��","http://www.yfhex.com/"
"190410","YFHT","YFHT","YFHT","http://htkjwl.cn/"
"190394","YFM","YFM","YFM","http://www.fmgjhy.com/"
"190315","YFZX","YFZX","YFZX","http://www.ywyfgj.com/"
"190430","YH Express","Զ�����ʿ���","�h�����H���\","http://www.yuanhhk.com/"
"190296","YHA","YHA","YHA","http://www.yhe56.com/"
"190114","YHT","YHT","YHT","http://www.eshippinggateway.com/"
"190292","YIDST","YIDST","YIDST","http://www.ydex.cn/"
"190459","YiFan","�㷫","�㷫","http://www.szyifan56.com/"
"190441","YiMiDiDa","Ҽ�׵δ�","Ҽ�׵δ�","https://www.yimidida.com/"
"190669","YJ","�˽�����","�\������","http://www.yjwl-express.com/"
"190106","YJI","YJI","YJI","http://www.yanjin-gj.com/"
"190252","YL","YL","YL","http://www.ylexp.com/"
"190253","YL","ϣ����","ϣ�P��","http://www.ckeex.com/"
"190636","YLE","��������","�������\","http://www.gdylwl.com/"
"190565","YME","���˹���","�\�ˇ��H","https://tms.ym-trans.com/"
"190096","YMY","YMY","YMY","http://www.2ezi-ymy.com/"
"100017","Yodel","Yodel","Yodel","http://yodel.co.uk/"
"100084","Yona Express","Yona Express","Yona Express","http://yona-express.com/"
"190517","YOUDA","�Ŵ����","���_���H","http://www.youdaguoji.com/"
"190446","YouMeiYuTong","������ͨ","������ͨ","http://www.gzymyt.com/"
"190622","youyiex","���ײ�","�]�ׂ}","http://yygj.youyiex.com/"
"100441","YRC Freight","YRC Freight","YRC Freight","https://yrc.com/"
"190319","YSD","YSD","YSD","http://www.ysdgj56.com/"
"190157","YTO Express","Բͨ�ٵ�","�Aͨ���f","http://www.yto.net.cn/"
"190212","YuanHao Logistics","YuanHao Logistics","YuanHao Logistics","http://www.mzlyuanhao.com/"
"190561","YUEX LOGISTICS","��������","��������","http://www.yuex-exp.com/"
"190683","YUNANT","����","�ρ","https://www.yunant56.com/"
"190008","YunExpress","��;����","�;����","https://www.yunexpress.cn/"
"190607","YunHui Logistics","��������","녕�����","http://www.ayh56.com/"
"190520","YUNLEMA","������","�\�ˆ�","http://www.yunlema.com/"
"190435","YunPai56","��������","�������","http://www.yp56.com/"
"190618","YUNQI","�������","�����H","http://www.yunqishipping.com/"
"190563","YunS","Զ������","�h������","https://www.yunsexpress.com/"
"190668","YUNWUJIE","���޽�","�\�o��","https://www.yunwuj.com/"
"190614","YUNZHIYOU","YUNZHIYOU","YUNZHIYOU","http://www.yunzyou.com/"
"100348","Yurtici Kargo","Yurtici Kargo","Yurtici Kargo","https://www.yurticikargo.com/"
"190279","YUTENG","YUTENG","YUTENG","http://www.yutengguoji.com/"
"190411","YWGJ","��Ϊ����","�О���H","http://www.youwei-china.com/"
"190484","YXIL","��ϣ����","��ϣ����","http://www.yxilogistics.com/"
"190294","YYEXPRESS","YYEXPRESS","YYEXPRESS","http://www.yyexpress.com/"
"190640","YYpost","YYpost","YYpost","http://www.yypostal.com/"
"190367","YYT","����ͨ","���]ͨ","https://www.ydmex.com/"
"100082","Zajil Express","Zajil Express","Zajil Express","https://zajil-express.com/"
"26011","Zambia Post","Zambia Post","Zambia Post","http://www.zampost.com.zm/"
"100419","Zasilkovna","Zasilkovna","Zasilkovna","https://www.zasilkovna.cz/"
"190258","ZCE","�Ϻ�����","�Ϻ�����","http://www.zce-exp.com/"
"190068","ZDSD","ZDSD","ZDSD","http://www.zd-express.cn/"
"100144","Zeleris","Zeleris","Zeleris","https://www.zeleris.com/"
"190620","ZFEX","ZFEX","ZFEX","http://www.zf-ex.com/"
"190587","ZGL","ZGL","ZGL","http://www.zhiguil.com/"
"190495","Zhejiang Yangcheng","��̹���","�P�̇��H","http://www.ycex.cn/"
"190648","zhixian","ֱ�߹�Ӧ��","ֱ�������","https://1592597785qpa.scd.wezhan.cn/"
"190557","ZHMY","�麣����","�麣���","http://www.zhmy.vip/"
"190635","Zhongpeng","������Ӧ��","���i�����","http://www.zp56.cn/"
"190592","Zhuoqingwuliu","׿������","׿�c����","http://www.zhuoqingwl.com/"
"190439","ZHXT Express","�ݺ�Ѹͨ����","�v�MѸͨ���H","http://www.lonfennerlogistic.com/"
"26021","Zimbabwe Post","Zimbabwe Post","Zimbabwe Post","http://www.zimpost.co.zw/"
"100038","Zinc","Zinc","Zinc","https://zinc.io/"
"190642","ZL international","��������","�v���H","http://www.hsylian.com/"
"190564","ZLC","��������","��������","https://www.zim-logistics.com.cn/"
"190463","ZSDExpress","ת˲�Ｏ��","�D˲�_���\","http://www.zsda56.com/"
"190325","ZSGJ","���ٹ���","���ه��H","http://zsgjky.com/"
"190338","ZT","ZT","ZT","http://www.zt.hailei2018.com/"
"190455","ZTO Express","��ͨ���","��ͨ���f","https://www.zto.com"
"190175","ZTO International","��ͨ����","��ͨ���H","https://www.ztoglobal.com/"
"190535","ZTT","ZTT","ZTT","http://zhiteng.biz/"
"190646","ZTWL","��������","��������","https://www.ztwlexpress.com/"
"190198","ZXG","ZXG","ZXG","http://www.zxlogs.ltd/"
"190530","ZYEX","ZYEX","ZYEX","http://www.zyouexpress.com/"
"190550","����άOTW","����άOTW","����άOTW","http://www.otwex.com/"
"190586","��ʤ����(TSL)","��ʤ����","��ه��H","https://www.tsl-logistics.tw/"
"190647","��Խ����ר��","��Խ����ר��","�hԽ���H����","http://www.hyfba.cn/"
